market,symbol,interval,earliest_date,available_intervals,base_symbol
spot,BTCUSDT,1d,2017-08-17,12h,15m,1d,1h,1m,1s,2h,30m,3m,4h,5m,6h,8h,BTC
spot,ETHUSDT,1d,2017-08-17,12h,15m,1d,1h,1m,1s,2h,30m,3m,4h,5m,6h,8h,ETH
spot,BNBUSDT,1d,2017-11-06,12h,15m,1d,1h,1m,1s,2h,30m,3m,4h,5m,6h,8h,BNB
spot,NEOUSDT,1d,2017-11-20,12h,15m,1d,1h,1m,1s,2h,30m,3m,4h,5m,6h,8h,NEO
spot,LTCUSDT,1d,2017-12-13,12h,15m,1d,1h,1m,1s,2h,30m,3m,4h,5m,6h,8h,LTC
spot,QTUMUSDT,1d,2018-03-19,12h,15m,1d,1h,1m,1s,2h,30m,3m,4h,5m,6h,8h,QTUM
spot,ADAUSDT,1d,2018-04-17,12h,15m,1d,1h,1m,1s,2h,30m,3m,4h,5m,6h,8h,ADA
spot,XRPUSDT,1d,2018-05-04,12h,15m,1d,1h,1m,1s,2h,30m,3m,4h,5m,6h,8h,XRP
spot,EOSUSDT,1d,2018-05-28,12h,15m,1d,1h,1m,1s,2h,30m,3m,4h,5m,6h,8h,EOS
spot,IOTAUSDT,1d,2018-05-31,12h,15m,1d,1h,1m,1s,2h,30m,3m,4h,5m,6h,8h,IOTA
spot,XLMUSDT,1d,2018-05-31,12h,15m,1d,1h,1m,1s,2h,30m,3m,4h,5m,6h,8h,XLM
spot,ONTUSDT,1d,2018-06-08,12h,15m,1d,1h,1m,1s,2h,30m,3m,4h,5m,6h,8h,ONT
spot,TRXUSDT,1d,2018-06-11,12h,15m,1d,1h,1m,1s,2h,30m,3m,4h,5m,6h,8h,TRX
spot,ETCUSDT,1d,2018-06-12,12h,15m,1d,1h,1m,1s,2h,30m,3m,4h,5m,6h,8h,ETC
spot,ICXUSDT,1d,2018-06-13,12h,15m,1d,1h,1m,1s,2h,30m,3m,4h,5m,6h,8h,ICX
spot,NULSUSDT,1d,2018-07-23,12h,15m,1d,1h,1m,1s,2h,30m,3m,4h,5m,6h,8h,NULS
spot,VETUSDT,1d,2018-07-25,12h,15m,1d,1h,1m,1s,2h,30m,3m,4h,5m,6h,8h,VET
spot,USDCUSDT,1d,2018-12-15,12h,15m,1d,1h,1m,1s,2h,30m,3m,4h,5m,6h,8h,USDC
spot,LINKUSDT,1d,2019-01-16,12h,15m,1d,1h,1m,1s,2h,30m,3m,4h,5m,6h,8h,LINK
spot,WAVESUSDT,1d,2019-01-18,12h,15m,1d,1h,1m,1s,2h,30m,3m,4h,5m,6h,8h,WAVES
spot,BTTUSDT,1d,2019-01-31,12h,15m,1d,1h,1m,1s,2h,30m,3m,4h,5m,6h,8h,BTT
spot,ONGUSDT,1d,2019-02-16,12h,15m,1d,1h,1m,1s,2h,30m,3m,4h,5m,6h,8h,ONG
spot,HOTUSDT,1d,2019-02-18,12h,15m,1d,1h,1m,1s,2h,30m,3m,4h,5m,6h,8h,HOT
spot,ZILUSDT,1d,2019-02-19,12h,15m,1d,1h,1m,1s,2h,30m,3m,4h,5m,6h,8h,ZIL
spot,FETUSDT,1d,2019-02-28,12h,15m,1d,1h,1m,1s,2h,30m,3m,4h,5m,6h,8h,FET
spot,ZRXUSDT,1d,2019-02-28,12h,15m,1d,1h,1m,1s,2h,30m,3m,4h,5m,6h,8h,ZRX
spot,BATUSDT,1d,2019-03-04,12h,15m,1d,1h,1m,1s,2h,30m,3m,4h,5m,6h,8h,BAT
spot,XMRUSDT,1d,2019-03-15,12h,15m,1d,1h,1m,1s,2h,30m,3m,4h,5m,6h,8h,XMR
spot,ZECUSDT,1d,2019-03-21,12h,15m,1d,1h,1m,1s,2h,30m,3m,4h,5m,6h,8h,ZEC
spot,IOSTUSDT,1d,2019-03-22,12h,15m,1d,1h,1m,1s,2h,30m,3m,4h,5m,6h,8h,IOST
spot,CELRUSDT,1d,2019-03-25,12h,15m,1d,1h,1m,1s,2h,30m,3m,4h,5m,6h,8h,CELR
spot,DASHUSDT,1d,2019-03-28,12h,15m,1d,1h,1m,1s,2h,30m,3m,4h,5m,6h,8h,DASH
spot,OMGUSDT,1d,2019-04-03,12h,15m,1d,1h,1m,1s,2h,30m,3m,4h,5m,6h,8h,OMG
spot,THETAUSDT,1d,2019-04-10,12h,15m,1d,1h,1m,1s,2h,30m,3m,4h,5m,6h,8h,THETA
spot,ENJUSDT,1d,2019-04-18,12h,15m,1d,1h,1m,1s,2h,30m,3m,4h,5m,6h,8h,ENJ
spot,MATICUSDT,1d,2019-04-26,12h,15m,1d,1h,1m,1s,2h,30m,3m,4h,5m,6h,8h,MATIC
spot,ATOMUSDT,1d,2019-04-29,12h,15m,1d,1h,1m,1s,2h,30m,3m,4h,5m,6h,8h,ATOM
spot,ONEUSDT,1d,2019-06-01,12h,15m,1d,1h,1m,1s,2h,30m,3m,4h,5m,6h,8h,ONE
spot,FTMUSDT,1d,2019-06-11,12h,15m,1d,1h,1m,1s,2h,30m,3m,4h,5m,6h,8h,FTM
spot,ALGOUSDT,1d,2019-06-22,12h,15m,1d,1h,1m,1s,2h,30m,3m,4h,5m,6h,8h,ALGO
spot,DOGEUSDT,1d,2019-07-05,12h,15m,1d,1h,1m,1s,2h,30m,3m,4h,5m,6h,8h,DOGE
spot,DUSKUSDT,1d,2019-07-22,12h,15m,1d,1h,1m,1s,2h,30m,3m,4h,5m,6h,8h,DUSK
spot,ANKRUSDT,1d,2019-07-23,12h,15m,1d,1h,1m,1s,2h,30m,3m,4h,5m,6h,8h,ANKR
spot,COSUSDT,1d,2019-08-03,12h,15m,1d,1h,1m,1s,2h,30m,3m,4h,5m,6h,8h,COS
spot,COCOSUSDT,1d,2019-08-21,12h,15m,1d,1h,1m,1s,2h,30m,3m,4h,5m,6h,8h,COCOS
spot,MTLUSDT,1d,2019-08-23,12h,15m,1d,1h,1m,1s,2h,30m,3m,4h,5m,6h,8h,MTL
spot,TOMOUSDT,1d,2019-08-24,12h,15m,1d,1h,1m,1s,2h,30m,3m,4h,5m,6h,8h,TOMO
spot,CVCUSDT,1d,2019-08-27,12h,15m,1d,1h,1m,1s,2h,30m,3m,4h,5m,6h,8h,CVC
spot,DENTUSDT,1d,2019-08-27,12h,15m,1d,1h,1m,1s,2h,30m,3m,4h,5m,6h,8h,DENT
spot,KEYUSDT,1d,2019-08-27,12h,15m,1d,1h,1m,1s,2h,30m,3m,4h,5m,6h,8h,KEY
spot,CHZUSDT,1d,2019-09-06,12h,15m,1d,1h,1m,1s,2h,30m,3m,4h,5m,6h,8h,CHZ
spot,BANDUSDT,1d,2019-09-18,12h,15m,1d,1h,1m,1s,2h,30m,3m,4h,5m,6h,8h,BAND
spot,XTZUSDT,1d,2019-09-24,12h,15m,1d,1h,1m,1s,2h,30m,3m,4h,5m,6h,8h,XTZ
spot,RENUSDT,1d,2019-09-25,12h,15m,1d,1h,1m,1s,2h,30m,3m,4h,5m,6h,8h,REN
spot,RVNUSDT,1d,2019-09-25,12h,15m,1d,1h,1m,1s,2h,30m,3m,4h,5m,6h,8h,RVN
spot,HBARUSDT,1d,2019-09-29,12h,15m,1d,1h,1m,1s,2h,30m,3m,4h,5m,6h,8h,HBAR
spot,NKNUSDT,1d,2019-10-11,12h,15m,1d,1h,1m,1s,2h,30m,3m,4h,5m,6h,8h,NKN
spot,KAVAUSDT,1d,2019-10-25,12h,15m,1d,1h,1m,1s,2h,30m,3m,4h,5m,6h,8h,KAVA
spot,STXUSDT,1d,2019-10-25,12h,15m,1d,1h,1m,1s,2h,30m,3m,4h,5m,6h,8h,STX
spot,ARPAUSDT,1d,2019-11-06,12h,15m,1d,1h,1m,1s,2h,30m,3m,4h,5m,6h,8h,ARPA
spot,IOTXUSDT,1d,2019-11-14,12h,15m,1d,1h,1m,1s,2h,30m,3m,4h,5m,6h,8h,IOTX
spot,RLCUSDT,1d,2019-11-14,12h,15m,1d,1h,1m,1s,2h,30m,3m,4h,5m,6h,8h,RLC
spot,BCHUSDT,1d,2019-11-28,12h,15m,1d,1h,1m,1s,2h,30m,3m,4h,5m,6h,8h,BCH
spot,TROYUSDT,1d,2019-12-05,12h,15m,1d,1h,1m,1s,2h,30m,3m,4h,5m,6h,8h,TROY
spot,FTTUSDT,1d,2019-12-20,12h,15m,1d,1h,1m,1s,2h,30m,3m,4h,5m,6h,8h,FTT
spot,OGNUSDT,1d,2020-01-09,12h,15m,1d,1h,1m,1s,2h,30m,3m,4h,5m,6h,8h,OGN
spot,BNTUSDT,1d,2020-02-06,12h,15m,1d,1h,1m,1s,2h,30m,3m,4h,5m,6h,8h,BNT
spot,BTSUSDT,1d,2020-02-06,12h,15m,1d,1h,1m,1s,2h,30m,3m,4h,5m,6h,8h,BTS
spot,LSKUSDT,1d,2020-02-06,12h,15m,1d,1h,1m,1s,2h,30m,3m,4h,5m,6h,8h,LSK
spot,MBLUSDT,1d,2020-02-21,12h,15m,1d,1h,1m,1s,2h,30m,3m,4h,5m,6h,8h,MBL
spot,COTIUSDT,1d,2020-02-26,12h,15m,1d,1h,1m,1s,2h,30m,3m,4h,5m,6h,8h,COTI
spot,STPTUSDT,1d,2020-03-25,12h,15m,1d,1h,1m,1s,2h,30m,3m,4h,5m,6h,8h,STPT
spot,CTSIUSDT,1d,2020-04-23,12h,15m,1d,1h,1m,1s,2h,30m,3m,4h,5m,6h,8h,CTSI
spot,HIVEUSDT,1d,2020-04-27,12h,15m,1d,1h,1m,1s,2h,30m,3m,4h,5m,6h,8h,HIVE
spot,CHRUSDT,1d,2020-05-07,12h,15m,1d,1h,1m,1s,2h,30m,3m,4h,5m,6h,8h,CHR
spot,LENDUSDT,1d,2020-05-15,12h,15m,1d,1h,1m,1s,2h,30m,3m,4h,5m,6h,8h,LEND
spot,MDTUSDT,1d,2020-06-05,12h,15m,1d,1h,1m,1s,2h,30m,3m,4h,5m,6h,8h,MDT
spot,STMXUSDT,1d,2020-06-11,12h,15m,1d,1h,1m,1s,2h,30m,3m,4h,5m,6h,8h,STMX
spot,KNCUSDT,1d,2020-06-12,12h,15m,1d,1h,1m,1s,2h,30m,3m,4h,5m,6h,8h,KNC
spot,LRCUSDT,1d,2020-06-12,12h,15m,1d,1h,1m,1s,2h,30m,3m,4h,5m,6h,8h,LRC
spot,COMPUSDT,1d,2020-06-25,12h,15m,1d,1h,1m,1s,2h,30m,3m,4h,5m,6h,8h,COMP
spot,SCUSDT,1d,2020-07-06,12h,15m,1d,1h,1m,1s,2h,30m,3m,4h,5m,6h,8h,SC
spot,ZENUSDT,1d,2020-07-06,12h,15m,1d,1h,1m,1s,2h,30m,3m,4h,5m,6h,8h,ZEN
spot,SNXUSDT,1d,2020-07-09,12h,15m,1d,1h,1m,1s,2h,30m,3m,4h,5m,6h,8h,SNX
spot,VTHOUSDT,1d,2020-07-17,12h,15m,1d,1h,1m,1s,2h,30m,3m,4h,5m,6h,8h,VTHO
spot,DGBUSDT,1d,2020-07-20,12h,15m,1d,1h,1m,1s,2h,30m,3m,4h,5m,6h,8h,DGB
spot,SXPUSDT,1d,2020-07-20,12h,15m,1d,1h,1m,1s,2h,30m,3m,4h,5m,6h,8h,SXP
spot,MKRUSDT,1d,2020-07-23,12h,15m,1d,1h,1m,1s,2h,30m,3m,4h,5m,6h,8h,MKR
spot,STORJUSDT,1d,2020-07-30,12h,15m,1d,1h,1m,1s,2h,30m,3m,4h,5m,6h,8h,STORJ
spot,MANAUSDT,1d,2020-08-06,12h,15m,1d,1h,1m,1s,2h,30m,3m,4h,5m,6h,8h,MANA
spot,YFIUSDT,1d,2020-08-10,12h,15m,1d,1h,1m,1s,2h,30m,3m,4h,5m,6h,8h,YFI
spot,BALUSDT,1d,2020-08-11,12h,15m,1d,1h,1m,1s,2h,30m,3m,4h,5m,6h,8h,BAL
spot,BLZUSDT,1d,2020-08-11,12h,15m,1d,1h,1m,1s,2h,30m,3m,4h,5m,6h,8h,BLZ
spot,SOLUSDT,1d,2020-08-11,12h,15m,1d,1h,1m,1s,2h,30m,3m,4h,5m,6h,8h,SOL
spot,SRMUSDT,1d,2020-08-11,12h,15m,1d,1h,1m,1s,2h,30m,3m,4h,5m,6h,8h,SRM
spot,ANTUSDT,1d,2020-08-13,12h,15m,1d,1h,1m,1s,2h,30m,3m,4h,5m,6h,8h,ANT
spot,SANDUSDT,1d,2020-08-14,12h,15m,1d,1h,1m,1s,2h,30m,3m,4h,5m,6h,8h,SAND
spot,CRVUSDT,1d,2020-08-15,12h,15m,1d,1h,1m,1s,2h,30m,3m,4h,5m,6h,8h,CRV
spot,DOTUSDT,1d,2020-08-18,12h,15m,1d,1h,1m,1s,2h,30m,3m,4h,5m,6h,8h,DOT
spot,NMRUSDT,1d,2020-08-19,12h,15m,1d,1h,1m,1s,2h,30m,3m,4h,5m,6h,8h,NMR
spot,OCEANUSDT,1d,2020-08-19,12h,15m,1d,1h,1m,1s,2h,30m,3m,4h,5m,6h,8h,OCEAN
spot,LUNAUSDT,1d,2020-08-21,12h,15m,1d,1h,1m,1s,2h,30m,3m,4h,5m,6h,8h,LUNA
spot,RSRUSDT,1d,2020-08-27,12h,15m,1d,1h,1m,1s,2h,30m,3m,4h,5m,6h,8h,RSR
spot,PAXGUSDT,1d,2020-08-28,12h,15m,1d,1h,1m,1s,2h,30m,3m,4h,5m,6h,8h,PAXG
spot,TRBUSDT,1d,2020-08-29,12h,15m,1d,1h,1m,1s,2h,30m,3m,4h,5m,6h,8h,TRB
spot,BZRXUSDT,1d,2020-08-31,12h,15m,1d,1h,1m,1s,2h,30m,3m,4h,5m,6h,8h,BZRX
spot,SUSHIUSDT,1d,2020-09-01,12h,15m,1d,1h,1m,1s,2h,30m,3m,4h,5m,6h,8h,SUSHI
spot,YFIIUSDT,1d,2020-09-01,12h,15m,1d,1h,1m,1s,2h,30m,3m,4h,5m,6h,8h,YFII
spot,EGLDUSDT,1d,2020-09-03,12h,15m,1d,1h,1m,1s,2h,30m,3m,4h,5m,6h,8h,EGLD
spot,DIAUSDT,1d,2020-09-04,12h,15m,1d,1h,1m,1s,2h,30m,3m,4h,5m,6h,8h,DIA
spot,FIOUSDT,1d,2020-09-04,12h,15m,1d,1h,1m,1s,2h,30m,3m,4h,5m,6h,8h,FIO
spot,KSMUSDT,1d,2020-09-04,12h,15m,1d,1h,1m,1s,2h,30m,3m,4h,5m,6h,8h,KSM
spot,RUNEUSDT,1d,2020-09-04,12h,15m,1d,1h,1m,1s,2h,30m,3m,4h,5m,6h,8h,RUNE
spot,UMAUSDT,1d,2020-09-09,12h,15m,1d,1h,1m,1s,2h,30m,3m,4h,5m,6h,8h,UMA
spot,BELUSDT,1d,2020-09-15,12h,15m,1d,1h,1m,1s,2h,30m,3m,4h,5m,6h,8h,BEL
spot,UNIUSDT,1d,2020-09-17,12h,15m,1d,1h,1m,1s,2h,30m,3m,4h,5m,6h,8h,UNI
spot,OXTUSDT,1d,2020-09-21,12h,15m,1d,1h,1m,1s,2h,30m,3m,4h,5m,6h,8h,OXT
spot,SUNUSDT,1d,2020-09-21,12h,15m,1d,1h,1m,1s,2h,30m,3m,4h,5m,6h,8h,SUN
spot,AVAXUSDT,1d,2020-09-22,12h,15m,1d,1h,1m,1s,2h,30m,3m,4h,5m,6h,8h,AVAX
spot,HNTUSDT,1d,2020-09-24,12h,15m,1d,1h,1m,1s,2h,30m,3m,4h,5m,6h,8h,HNT
spot,FLMUSDT,1d,2020-09-28,12h,15m,1d,1h,1m,1s,2h,30m,3m,4h,5m,6h,8h,FLM
spot,XVSUSDT,1d,2020-10-06,12h,15m,1d,1h,1m,1s,2h,30m,3m,4h,5m,6h,8h,XVS
spot,ALPHAUSDT,1d,2020-10-10,12h,15m,1d,1h,1m,1s,2h,30m,3m,4h,5m,6h,8h,ALPHA
spot,NEARUSDT,1d,2020-10-14,12h,15m,1d,1h,1m,1s,2h,30m,3m,4h,5m,6h,8h,NEAR
spot,AAVEUSDT,1d,2020-10-15,12h,15m,1d,1h,1m,1s,2h,30m,3m,4h,5m,6h,8h,AAVE
spot,FILUSDT,1d,2020-10-15,12h,15m,1d,1h,1m,1s,2h,30m,3m,4h,5m,6h,8h,FIL
spot,INJUSDT,1d,2020-10-21,12h,15m,1d,1h,1m,1s,2h,30m,3m,4h,5m,6h,8h,INJ
spot,AUDIOUSDT,1d,2020-10-23,12h,15m,1d,1h,1m,1s,2h,30m,3m,4h,5m,6h,8h,AUDIO
spot,CTKUSDT,1d,2020-10-27,12h,15m,1d,1h,1m,1s,2h,30m,3m,4h,5m,6h,8h,CTK
spot,AKROUSDT,1d,2020-11-02,12h,15m,1d,1h,1m,1s,2h,30m,3m,4h,5m,6h,8h,AKRO
spot,AXSUSDT,1d,2020-11-04,12h,15m,1d,1h,1m,1s,2h,30m,3m,4h,5m,6h,8h,AXS
spot,STRAXUSDT,1d,2020-11-18,12h,15m,1d,1h,1m,1s,2h,30m,3m,4h,5m,6h,8h,STRAX
spot,ROSEUSDT,1d,2020-11-19,12h,15m,1d,1h,1m,1s,2h,30m,3m,4h,5m,6h,8h,ROSE
spot,UNFIUSDT,1d,2020-11-19,12h,15m,1d,1h,1m,1s,2h,30m,3m,4h,5m,6h,8h,UNFI
spot,AVAUSDT,1d,2020-11-24,12h,15m,1d,1h,1m,1s,2h,30m,3m,4h,5m,6h,8h,AVA
spot,XEMUSDT,1d,2020-11-24,12h,15m,1d,1h,1m,1s,2h,30m,3m,4h,5m,6h,8h,XEM
spot,SKLUSDT,1d,2020-12-01,12h,15m,1d,1h,1m,1s,2h,30m,3m,4h,5m,6h,8h,SKL
spot,GRTUSDT,1d,2020-12-17,12h,15m,1d,1h,1m,1s,2h,30m,3m,4h,5m,6h,8h,GRT
spot,1INCHUSDT,1d,2020-12-25,12h,15m,1d,1h,1m,1s,2h,30m,3m,4h,5m,6h,8h,1INCH
spot,REEFUSDT,1d,2020-12-29,12h,15m,1d,1h,1m,1s,2h,30m,3m,4h,5m,6h,8h,REEF
spot,CELOUSDT,1d,2021-01-05,12h,15m,1d,1h,1m,1s,2h,30m,3m,4h,5m,6h,8h,CELO
spot,RIFUSDT,1d,2021-01-07,12h,15m,1d,1h,1m,1s,2h,30m,3m,4h,5m,6h,8h,RIF
spot,BTCSTUSDT,1d,2021-01-13,12h,15m,1d,1h,1m,1s,2h,30m,3m,4h,5m,6h,8h,BTCST
spot,TRUUSDT,1d,2021-01-19,12h,15m,1d,1h,1m,1s,2h,30m,3m,4h,5m,6h,8h,TRU
spot,CKBUSDT,1d,2021-01-26,12h,15m,1d,1h,1m,1s,2h,30m,3m,4h,5m,6h,8h,CKB
spot,TWTUSDT,1d,2021-01-27,12h,15m,1d,1h,1m,1s,2h,30m,3m,4h,5m,6h,8h,TWT
spot,LITUSDT,1d,2021-02-04,12h,15m,1d,1h,1m,1s,2h,30m,3m,4h,5m,6h,8h,LIT
spot,SFPUSDT,1d,2021-02-08,12h,15m,1d,1h,1m,1s,2h,30m,3m,4h,5m,6h,8h,SFP
spot,CAKEUSDT,1d,2021-02-19,12h,15m,1d,1h,1m,1s,2h,30m,3m,4h,5m,6h,8h,CAKE
spot,DODOUSDT,1d,2021-02-19,12h,15m,1d,1h,1m,1s,2h,30m,3m,4h,5m,6h,8h,DODO
spot,BADGERUSDT,1d,2021-03-02,12h,15m,1d,1h,1m,1s,2h,30m,3m,4h,5m,6h,8h,BADGER
spot,OMUSDT,1d,2021-03-08,12h,15m,1d,1h,1m,1s,2h,30m,3m,4h,5m,6h,8h,OM
spot,DEGOUSDT,1d,2021-03-10,12h,15m,1d,1h,1m,1s,2h,30m,3m,4h,5m,6h,8h,DEGO
spot,ALICEUSDT,1d,2021-03-15,12h,15m,1d,1h,1m,1s,2h,30m,3m,4h,5m,6h,8h,ALICE
spot,LINAUSDT,1d,2021-03-18,12h,15m,1d,1h,1m,1s,2h,30m,3m,4h,5m,6h,8h,LINA
spot,PERPUSDT,1d,2021-03-19,12h,15m,1d,1h,1m,1s,2h,30m,3m,4h,5m,6h,8h,PERP
spot,SUPERUSDT,1d,2021-03-25,12h,15m,1d,1h,1m,1s,2h,30m,3m,4h,5m,6h,8h,SUPER
spot,CFXUSDT,1d,2021-03-29,12h,15m,1d,1h,1m,1s,2h,30m,3m,4h,5m,6h,8h,CFX
spot,TLMUSDT,1d,2021-04-13,12h,15m,1d,1h,1m,1s,2h,30m,3m,4h,5m,6h,8h,TLM
spot,BAKEUSDT,1d,2021-04-30,12h,15m,1d,1h,1m,1s,2h,30m,3m,4h,5m,6h,8h,BAKE
spot,SLPUSDT,1d,2021-04-30,12h,15m,1d,1h,1m,1s,2h,30m,3m,4h,5m,6h,8h,SLP
spot,ICPUSDT,1d,2021-05-11,12h,15m,1d,1h,1m,1s,2h,30m,3m,4h,5m,6h,8h,ICP
spot,ARUSDT,1d,2021-05-14,12h,15m,1d,1h,1m,1s,2h,30m,3m,4h,5m,6h,8h,AR
spot,MASKUSDT,1d,2021-05-25,12h,15m,1d,1h,1m,1s,2h,30m,3m,4h,5m,6h,8h,MASK
spot,LPTUSDT,1d,2021-05-28,12h,15m,1d,1h,1m,1s,2h,30m,3m,4h,5m,6h,8h,LPT
spot,NUUSDT,1d,2021-06-04,12h,15m,1d,1h,1m,1s,2h,30m,3m,4h,5m,6h,8h,NU
spot,XVGUSDT,1d,2021-06-06,12h,15m,1d,1h,1m,1s,2h,30m,3m,4h,5m,6h,8h,XVG
spot,ATAUSDT,1d,2021-06-07,12h,15m,1d,1h,1m,1s,2h,30m,3m,4h,5m,6h,8h,ATA
spot,GTCUSDT,1d,2021-06-10,12h,15m,1d,1h,1m,1s,2h,30m,3m,4h,5m,6h,8h,GTC
spot,KEEPUSDT,1d,2021-06-17,12h,15m,1d,1h,1m,1s,2h,30m,3m,4h,5m,6h,8h,KEEP
spot,KLAYUSDT,1d,2021-06-24,12h,15m,1d,1h,1m,1s,2h,30m,3m,4h,5m,6h,8h,KLAY
spot,PHAUSDT,1d,2021-06-25,12h,15m,1d,1h,1m,1s,2h,30m,3m,4h,5m,6h,8h,PHA
spot,BONDUSDT,1d,2021-07-05,12h,15m,1d,1h,1m,1s,2h,30m,3m,4h,5m,6h,8h,BOND
spot,C98USDT,1d,2021-07-23,12h,15m,1d,1h,1m,1s,2h,30m,3m,4h,5m,6h,8h,C98
spot,DEXEUSDT,1d,2021-07-23,12h,15m,1d,1h,1m,1s,2h,30m,3m,4h,5m,6h,8h,DEXE
spot,QNTUSDT,1d,2021-07-29,12h,15m,1d,1h,1m,1s,2h,30m,3m,4h,5m,6h,8h,QNT
spot,FLOWUSDT,1d,2021-07-30,12h,15m,1d,1h,1m,1s,2h,30m,3m,4h,5m,6h,8h,FLOW
spot,MINAUSDT,1d,2021-08-10,12h,15m,1d,1h,1m,1s,2h,30m,3m,4h,5m,6h,8h,MINA
spot,RAYUSDT,1d,2021-08-10,12h,15m,1d,1h,1m,1s,2h,30m,3m,4h,5m,6h,8h,RAY
spot,ALPACAUSDT,1d,2021-08-11,12h,15m,1d,1h,1m,1s,2h,30m,3m,4h,5m,6h,8h,ALPACA
spot,QUICKUSDT,1d,2021-08-13,12h,15m,1d,1h,1m,1s,2h,30m,3m,4h,5m,6h,8h,QUICK
spot,MBOXUSDT,1d,2021-08-19,12h,15m,1d,1h,1m,1s,2h,30m,3m,4h,5m,6h,8h,MBOX
spot,GHSTUSDT,1d,2021-08-20,12h,15m,1d,1h,1m,1s,2h,30m,3m,4h,5m,6h,8h,GHST
spot,WAXPUSDT,1d,2021-08-23,12h,15m,1d,1h,1m,1s,2h,30m,3m,4h,5m,6h,8h,WAXP
spot,DYDXUSDT,1d,2021-09-09,12h,15m,1d,1h,1m,1s,2h,30m,3m,4h,5m,6h,8h,DYDX
spot,IDEXUSDT,1d,2021-09-09,12h,15m,1d,1h,1m,1s,2h,30m,3m,4h,5m,6h,8h,IDEX
spot,VIDTUSDT,1d,2021-09-09,12h,15m,1d,1h,1m,1s,2h,30m,3m,4h,5m,6h,8h,VIDT
spot,GALAUSDT,1d,2021-09-13,12h,15m,1d,1h,1m,1s,2h,30m,3m,4h,5m,6h,8h,GALA
spot,ILVUSDT,1d,2021-09-22,12h,15m,1d,1h,1m,1s,2h,30m,3m,4h,5m,6h,8h,ILV
spot,DFUSDT,1d,2021-09-24,12h,15m,1d,1h,1m,1s,2h,30m,3m,4h,5m,6h,8h,DF
spot,SYSUSDT,1d,2021-09-24,12h,15m,1d,1h,1m,1s,2h,30m,3m,4h,5m,6h,8h,SYS
spot,YGGUSDT,1d,2021-09-24,12h,15m,1d,1h,1m,1s,2h,30m,3m,4h,5m,6h,8h,YGG
spot,FIDAUSDT,1d,2021-09-30,12h,15m,1d,1h,1m,1s,2h,30m,3m,4h,5m,6h,8h,FIDA
spot,FRONTUSDT,1d,2021-10-04,12h,15m,1d,1h,1m,1s,2h,30m,3m,4h,5m,6h,8h,FRONT
spot,AGLDUSDT,1d,2021-10-05,12h,15m,1d,1h,1m,1s,2h,30m,3m,4h,5m,6h,8h,AGLD
spot,RADUSDT,1d,2021-10-07,12h,15m,1d,1h,1m,1s,2h,30m,3m,4h,5m,6h,8h,RAD
spot,RAREUSDT,1d,2021-10-11,12h,15m,1d,1h,1m,1s,2h,30m,3m,4h,5m,6h,8h,RARE
spot,CHESSUSDT,1d,2021-10-22,12h,15m,1d,1h,1m,1s,2h,30m,3m,4h,5m,6h,8h,CHESS
spot,AUCTIONUSDT,1d,2021-10-29,12h,15m,1d,1h,1m,1s,2h,30m,3m,4h,5m,6h,8h,AUCTION
spot,BNXUSDT,1d,2021-11-04,12h,15m,1d,1h,1m,1s,2h,30m,3m,4h,5m,6h,8h,BNX
spot,DARUSDT,1d,2021-11-04,12h,15m,1d,1h,1m,1s,2h,30m,3m,4h,5m,6h,8h,DAR
spot,MOVRUSDT,1d,2021-11-08,12h,15m,1d,1h,1m,1s,2h,30m,3m,4h,5m,6h,8h,MOVR
spot,ENSUSDT,1d,2021-11-10,12h,15m,1d,1h,1m,1s,2h,30m,3m,4h,5m,6h,8h,ENS
spot,POWRUSDT,1d,2021-11-17,12h,15m,1d,1h,1m,1s,2h,30m,3m,4h,5m,6h,8h,POWR
spot,JASMYUSDT,1d,2021-11-22,12h,15m,1d,1h,1m,1s,2h,30m,3m,4h,5m,6h,8h,JASMY
spot,RNDRUSDT,1d,2021-11-27,12h,15m,1d,1h,1m,1s,2h,30m,3m,4h,5m,6h,8h,RNDR
spot,SANTOSUSDT,1d,2021-12-01,12h,15m,1d,1h,1m,1s,2h,30m,3m,4h,5m,6h,8h,SANTOS
spot,BICOUSDT,1d,2021-12-09,12h,15m,1d,1h,1m,1s,2h,30m,3m,4h,5m,6h,8h,BICO
spot,FLUXUSDT,1d,2021-12-10,12h,15m,1d,1h,1m,1s,2h,30m,3m,4h,5m,6h,8h,FLUX
spot,FXSUSDT,1d,2021-12-10,12h,15m,1d,1h,1m,1s,2h,30m,3m,4h,5m,6h,8h,FXS
spot,VOXELUSDT,1d,2021-12-14,12h,15m,1d,1h,1m,1s,2h,30m,3m,4h,5m,6h,8h,VOXEL
spot,HIGHUSDT,1d,2021-12-17,12h,15m,1d,1h,1m,1s,2h,30m,3m,4h,5m,6h,8h,HIGH
spot,CVXUSDT,1d,2021-12-23,12h,15m,1d,1h,1m,1s,2h,30m,3m,4h,5m,6h,8h,CVX
spot,PEOPLEUSDT,1d,2021-12-23,12h,15m,1d,1h,1m,1s,2h,30m,3m,4h,5m,6h,8h,PEOPLE
spot,SPELLUSDT,1d,2021-12-24,12h,15m,1d,1h,1m,1s,2h,30m,3m,4h,5m,6h,8h,SPELL
spot,JOEUSDT,1d,2021-12-28,12h,15m,1d,1h,1m,1s,2h,30m,3m,4h,5m,6h,8h,JOE
spot,ACHUSDT,1d,2022-01-10,12h,15m,1d,1h,1m,1s,2h,30m,3m,4h,5m,6h,8h,ACH
spot,IMXUSDT,1d,2022-01-10,12h,15m,1d,1h,1m,1s,2h,30m,3m,4h,5m,6h,8h,IMX
spot,GLMRUSDT,1d,2022-01-11,12h,15m,1d,1h,1m,1s,2h,30m,3m,4h,5m,6h,8h,GLMR
spot,LOKAUSDT,1d,2022-01-20,12h,15m,1d,1h,1m,1s,2h,30m,3m,4h,5m,6h,8h,LOKA
spot,API3USDT,1d,2022-01-21,12h,15m,1d,1h,1m,1s,2h,30m,3m,4h,5m,6h,8h,API3
spot,SCRTUSDT,1d,2022-01-21,12h,15m,1d,1h,1m,1s,2h,30m,3m,4h,5m,6h,8h,SCRT
spot,ANCUSDT,1d,2022-01-25,12h,15m,1d,1h,1m,1s,2h,30m,3m,4h,5m,6h,8h,ANC
spot,WOOUSDT,1d,2022-02-08,12h,15m,1d,1h,1m,1s,2h,30m,3m,4h,5m,6h,8h,WOO
spot,TUSDT,1d,2022-02-25,12h,15m,1d,1h,1m,1s,2h,30m,3m,4h,5m,6h,8h,T
spot,ASTRUSDT,1d,2022-02-28,12h,15m,1d,1h,1m,1s,2h,30m,3m,4h,5m,6h,8h,ASTR
spot,GMTUSDT,1d,2022-03-09,12h,15m,1d,1h,1m,1s,2h,30m,3m,4h,5m,6h,8h,GMT
spot,KDAUSDT,1d,2022-03-11,12h,15m,1d,1h,1m,1s,2h,30m,3m,4h,5m,6h,8h,KDA
spot,APEUSDT,1d,2022-03-17,12h,15m,1d,1h,1m,1s,2h,30m,3m,4h,5m,6h,8h,APE
spot,BSWUSDT,1d,2022-03-21,12h,15m,1d,1h,1m,1s,2h,30m,3m,4h,5m,6h,8h,BSW
spot,STEEMUSDT,1d,2022-04-22,12h,15m,1d,1h,1m,1s,2h,30m,3m,4h,5m,6h,8h,STEEM
spot,REIUSDT,1d,2022-05-04,12h,15m,1d,1h,1m,1s,2h,30m,3m,4h,5m,6h,8h,REI
spot,GALUSDT,1d,2022-05-05,12h,15m,1d,1h,1m,1s,2h,30m,3m,4h,5m,6h,8h,GAL
spot,LDOUSDT,1d,2022-05-09,12h,15m,1d,1h,1m,1s,2h,30m,3m,4h,5m,6h,8h,LDO
spot,OPUSDT,1d,2022-06-01,12h,15m,1d,1h,1m,1s,2h,30m,3m,4h,5m,6h,8h,OP
spot,LEVERUSDT,1d,2022-07-13,12h,15m,1d,1h,1m,1s,2h,30m,3m,4h,5m,6h,8h,LEVER
spot,STGUSDT,1d,2022-08-19,12h,15m,1d,1h,1m,1s,2h,30m,3m,4h,5m,6h,8h,STG
spot,GMXUSDT,1d,2022-10-05,12h,15m,1d,1h,1m,1s,2h,30m,3m,4h,5m,6h,8h,GMX
spot,POLYXUSDT,1d,2022-10-17,12h,15m,1d,1h,1m,1s,2h,30m,3m,4h,5m,6h,8h,POLYX
spot,APTUSDT,1d,2022-10-19,12h,15m,1d,1h,1m,1s,2h,30m,3m,4h,5m,6h,8h,APT
spot,HFTUSDT,1d,2022-11-07,12h,15m,1d,1h,1m,1s,2h,30m,3m,4h,5m,6h,8h,HFT
spot,PHBUSDT,1d,2022-11-18,12h,15m,1d,1h,1m,1s,2h,30m,3m,4h,5m,6h,8h,PHB
spot,HOOKUSDT,1d,2022-12-01,12h,15m,1d,1h,1m,1s,2h,30m,3m,4h,5m,6h,8h,HOOK
spot,MAGICUSDT,1d,2022-12-12,12h,15m,1d,1h,1m,1s,2h,30m,3m,4h,5m,6h,8h,MAGIC
spot,HIFIUSDT,1d,2023-01-12,12h,15m,1d,1h,1m,1s,2h,30m,3m,4h,5m,6h,8h,HIFI
spot,RPLUSDT,1d,2023-01-18,12h,15m,1d,1h,1m,1s,2h,30m,3m,4h,5m,6h,8h,RPL
spot,AGIXUSDT,1d,2023-02-17,12h,15m,1d,1h,1m,1s,2h,30m,3m,4h,5m,6h,8h,AGIX
spot,SYNUSDT,1d,2023-02-22,12h,15m,1d,1h,1m,1s,2h,30m,3m,4h,5m,6h,8h,SYN
spot,SSVUSDT,1d,2023-02-24,12h,15m,1d,1h,1m,1s,2h,30m,3m,4h,5m,6h,8h,SSV
spot,LQTYUSDT,1d,2023-02-28,12h,15m,1d,1h,1m,1s,2h,30m,3m,4h,5m,6h,8h,LQTY
spot,AMBUSDT,1d,2023-03-03,12h,15m,1d,1h,1m,1s,2h,30m,3m,4h,5m,6h,8h,AMB
spot,USTCUSDT,1d,2023-03-10,12h,15m,1d,1h,1m,1s,2h,30m,3m,4h,5m,6h,8h,USTC
spot,GASUSDT,1d,2023-03-17,12h,15m,1d,1h,1m,1s,2h,30m,3m,4h,5m,6h,8h,GAS
spot,GLMUSDT,1d,2023-03-17,12h,15m,1d,1h,1m,1s,2h,30m,3m,4h,5m,6h,8h,GLM
spot,PROMUSDT,1d,2023-03-17,12h,15m,1d,1h,1m,1s,2h,30m,3m,4h,5m,6h,8h,PROM
spot,IDUSDT,1d,2023-03-22,12h,15m,1d,1h,1m,1s,2h,30m,3m,4h,5m,6h,8h,ID
spot,ARBUSDT,1d,2023-03-23,12h,15m,1d,1h,1m,1s,2h,30m,3m,4h,5m,6h,8h,ARB
spot,LOOMUSDT,1d,2023-03-24,12h,15m,1d,1h,1m,1s,2h,30m,3m,4h,5m,6h,8h,LOOM
spot,RDNTUSDT,1d,2023-03-30,12h,15m,1d,1h,1m,1s,2h,30m,3m,4h,5m,6h,8h,RDNT
spot,EDUUSDT,1d,2023-04-28,12h,15m,1d,1h,1m,1s,2h,30m,3m,4h,5m,6h,8h,EDU
spot,SUIUSDT,1d,2023-05-03,12h,15m,1d,1h,1m,1s,2h,30m,3m,4h,5m,6h,8h,SUI
spot,AERGOUSDT,1d,2023-05-05,12h,15m,1d,1h,1m,1s,2h,30m,3m,4h,5m,6h,8h,AERGO
spot,SNTUSDT,1d,2023-05-19,12h,15m,1d,1h,1m,1s,2h,30m,3m,4h,5m,6h,8h,SNT
spot,COMBOUSDT,1d,2023-06-02,12h,15m,1d,1h,1m,1s,2h,30m,3m,4h,5m,6h,8h,COMBO
spot,MAVUSDT,1d,2023-06-28,12h,15m,1d,1h,1m,1s,2h,30m,3m,4h,5m,6h,8h,MAV
spot,PENDLEUSDT,1d,2023-07-03,12h,15m,1d,1h,1m,1s,2h,30m,3m,4h,5m,6h,8h,PENDLE
spot,ARKMUSDT,1d,2023-07-18,12h,15m,1d,1h,1m,1s,2h,30m,3m,4h,5m,6h,8h,ARKM
spot,WLDUSDT,1d,2023-07-24,12h,15m,1d,1h,1m,1s,2h,30m,3m,4h,5m,6h,8h,WLD
spot,CYBERUSDT,1d,2023-08-15,12h,15m,1d,1h,1m,1s,2h,30m,3m,4h,5m,6h,8h,CYBER
spot,SEIUSDT,1d,2023-08-15,12h,15m,1d,1h,1m,1s,2h,30m,3m,4h,5m,6h,8h,SEI
spot,ARKUSDT,1d,2023-09-22,12h,15m,1d,1h,1m,1s,2h,30m,3m,4h,5m,6h,8h,ARK
spot,NTRNUSDT,1d,2023-10-10,12h,15m,1d,1h,1m,1s,2h,30m,3m,4h,5m,6h,8h,NTRN
spot,TIAUSDT,1d,2023-10-31,12h,15m,1d,1h,1m,1s,2h,30m,3m,4h,5m,6h,8h,TIA
spot,MEMEUSDT,1d,2023-11-03,12h,15m,1d,1h,1m,1s,2h,30m,3m,4h,5m,6h,8h,MEME
spot,ORDIUSDT,1d,2023-11-07,12h,15m,1d,1h,1m,1s,2h,30m,3m,4h,5m,6h,8h,ORDI
spot,BEAMXUSDT,1d,2023-11-14,12h,15m,1d,1h,1m,1s,2h,30m,3m,4h,5m,6h,8h,BEAMX
spot,BLURUSDT,1d,2023-11-24,12h,15m,1d,1h,1m,1s,2h,30m,3m,4h,5m,6h,8h,BLUR
spot,VICUSDT,1d,2023-11-24,12h,15m,1d,1h,1m,1s,2h,30m,3m,4h,5m,6h,8h,VIC
spot,VANRYUSDT,1d,2023-12-01,12h,15m,1d,1h,1m,1s,2h,30m,3m,4h,5m,6h,8h,VANRY
spot,JTOUSDT,1d,2023-12-07,12h,15m,1d,1h,1m,1s,2h,30m,3m,4h,5m,6h,8h,JTO
spot,1000SATSUSDT,1d,2023-12-12,12h,15m,1d,1h,1m,1s,2h,30m,3m,4h,5m,6h,8h,1000SATS
spot,ACEUSDT,1d,2023-12-18,12h,15m,1d,1h,1m,1s,2h,30m,3m,4h,5m,6h,8h,ACE
spot,NFPUSDT,1d,2023-12-27,12h,15m,1d,1h,1m,1s,2h,30m,3m,4h,5m,6h,8h,NFP
spot,AIUSDT,1d,2024-01-04,12h,15m,1d,1h,1m,1s,2h,30m,3m,4h,5m,6h,8h,AI
spot,XAIUSDT,1d,2024-01-09,12h,15m,1d,1h,1m,1s,2h,30m,3m,4h,5m,6h,8h,XAI
spot,MANTAUSDT,1d,2024-01-18,12h,15m,1d,1h,1m,1s,2h,30m,3m,4h,5m,6h,8h,MANTA
spot,ALTUSDT,1d,2024-01-25,12h,15m,1d,1h,1m,1s,2h,30m,3m,4h,5m,6h,8h,ALT
spot,JUPUSDT,1d,2024-01-31,12h,15m,1d,1h,1m,1s,2h,30m,3m,4h,5m,6h,8h,JUP
spot,PYTHUSDT,1d,2024-02-02,12h,15m,1d,1h,1m,1s,2h,30m,3m,4h,5m,6h,8h,PYTH
spot,RONINUSDT,1d,2024-02-05,12h,15m,1d,1h,1m,1s,2h,30m,3m,4h,5m,6h,8h,RONIN
spot,DYMUSDT,1d,2024-02-06,12h,15m,1d,1h,1m,1s,2h,30m,3m,4h,5m,6h,8h,DYM
spot,PIXELUSDT,1d,2024-02-19,12h,15m,1d,1h,1m,1s,2h,30m,3m,4h,5m,6h,8h,PIXEL
spot,STRKUSDT,1d,2024-02-20,12h,15m,1d,1h,1m,1s,2h,30m,3m,4h,5m,6h,8h,STRK
spot,PORTALUSDT,1d,2024-02-29,12h,15m,1d,1h,1m,1s,2h,30m,3m,4h,5m,6h,8h,PORTAL
spot,AXLUSDT,1d,2024-03-01,12h,15m,1d,1h,1m,1s,2h,30m,3m,4h,5m,6h,8h,AXL
spot,WIFUSDT,1d,2024-03-05,12h,15m,1d,1h,1m,1s,2h,30m,3m,4h,5m,6h,8h,WIF
spot,METISUSDT,1d,2024-03-11,12h,15m,1d,1h,1m,1s,2h,30m,3m,4h,5m,6h,8h,METIS
spot,AEVOUSDT,1d,2024-03-13,12h,15m,1d,1h,1m,1s,2h,30m,3m,4h,5m,6h,8h,AEVO
spot,BOMEUSDT,1d,2024-03-16,12h,15m,1d,1h,1m,1s,2h,30m,3m,4h,5m,6h,8h,BOME
spot,ETHFIUSDT,1d,2024-03-18,12h,15m,1d,1h,1m,1s,2h,30m,3m,4h,5m,6h,8h,ETHFI
spot,ENAUSDT,1d,2024-04-02,12h,15m,1d,1h,1m,1s,2h,30m,3m,4h,5m,6h,8h,ENA
spot,WUSDT,1d,2024-04-03,12h,15m,1d,1h,1m,1s,2h,30m,3m,4h,5m,6h,8h,W
spot,TNSRUSDT,1d,2024-04-08,12h,15m,1d,1h,1m,1s,2h,30m,3m,4h,5m,6h,8h,TNSR
spot,SAGAUSDT,1d,2024-04-09,12h,15m,1d,1h,1m,1s,2h,30m,3m,4h,5m,6h,8h,SAGA
spot,TAOUSDT,1d,2024-04-11,12h,15m,1d,1h,1m,1s,2h,30m,3m,4h,5m,6h,8h,TAO
spot,OMNIUSDT,1d,2024-04-17,12h,15m,1d,1h,1m,1s,2h,30m,3m,4h,5m,6h,8h,OMNI
spot,REZUSDT,1d,2024-04-30,12h,15m,1d,1h,1m,1s,2h,30m,3m,4h,5m,6h,8h,REZ
spot,BBUSDT,1d,2024-05-13,12h,15m,1d,1h,1m,1s,2h,30m,3m,4h,5m,6h,8h,BB
spot,NOTUSDT,1d,2024-05-16,12h,15m,1d,1h,1m,1s,2h,30m,3m,4h,5m,6h,8h,NOT
spot,IOUSDT,1d,2024-06-11,12h,15m,1d,1h,1m,1s,2h,30m,3m,4h,5m,6h,8h,IO
spot,ZKUSDT,1d,2024-06-17,12h,15m,1d,1h,1m,1s,2h,30m,3m,4h,5m,6h,8h,ZK
spot,LISTAUSDT,1d,2024-06-20,12h,15m,1d,1h,1m,1s,2h,30m,3m,4h,5m,6h,8h,LISTA
spot,ZROUSDT,1d,2024-06-20,12h,15m,1d,1h,1m,1s,2h,30m,3m,4h,5m,6h,8h,ZRO
spot,GUSDT,1d,2024-07-19,12h,15m,1d,1h,1m,1s,2h,30m,3m,4h,5m,6h,8h,G
spot,BANANAUSDT,1d,2024-07-20,12h,15m,1d,1h,1m,1s,2h,30m,3m,4h,5m,6h,8h,BANANA
spot,RENDERUSDT,1d,2024-07-26,12h,15m,1d,1h,1m,1s,2h,30m,3m,4h,5m,6h,8h,RENDER
spot,TONUSDT,1d,2024-08-08,12h,15m,1d,1h,1m,1s,2h,30m,3m,4h,5m,6h,8h,TON
spot,DOGSUSDT,1d,2024-08-26,12h,15m,1d,1h,1m,1s,2h,30m,3m,4h,5m,6h,8h,DOGS
spot,POLUSDT,1d,2024-09-13,12h,15m,1d,1h,1m,1s,2h,30m,3m,4h,5m,6h,8h,POL
spot,1MBABYDOGEUSDT,1d,2024-09-16,12h,15m,1d,1h,1m,1s,2h,30m,3m,4h,5m,6h,8h,1MBABYDOGE
spot,NEIROUSDT,1d,2024-09-16,12h,15m,1d,1h,1m,1s,2h,30m,3m,4h,5m,6h,8h,NEIRO
spot,TURBOUSDT,1d,2024-09-16,12h,15m,1d,1h,1m,1s,2h,30m,3m,4h,5m,6h,8h,TURBO
spot,CATIUSDT,1d,2024-09-20,12h,15m,1d,1h,1m,1s,2h,30m,3m,4h,5m,6h,8h,CATI
spot,HMSTRUSDT,1d,2024-09-26,12h,15m,1d,1h,1m,1s,2h,30m,3m,4h,5m,6h,8h,HMSTR
spot,EIGENUSDT,1d,2024-10-01,12h,15m,1d,1h,1m,1s,2h,30m,3m,4h,5m,6h,8h,EIGEN
spot,SCRUSDT,1d,2024-10-11,12h,15m,1d,1h,1m,1s,2h,30m,3m,4h,5m,6h,8h,SCR
spot,LUMIAUSDT,1d,2024-10-18,12h,15m,1d,1h,1m,1s,2h,30m,3m,4h,5m,6h,8h,LUMIA
spot,KAIAUSDT,1d,2024-10-31,12h,15m,1d,1h,1m,1s,2h,30m,3m,4h,5m,6h,8h,KAIA
spot,CETUSUSDT,1d,2024-11-06,12h,15m,1d,1h,1m,1s,2h,30m,3m,4h,5m,6h,8h,CETUS
spot,COWUSDT,1d,2024-11-06,12h,15m,1d,1h,1m,1s,2h,30m,3m,4h,5m,6h,8h,COW
spot,ACTUSDT,1d,2024-11-11,12h,15m,1d,1h,1m,1s,2h,30m,3m,4h,5m,6h,8h,ACT
spot,PNUTUSDT,1d,2024-11-11,12h,15m,1d,1h,1m,1s,2h,30m,3m,4h,5m,6h,8h,PNUT
spot,USUALUSDT,1d,2024-11-19,12h,15m,1d,1h,1m,1s,2h,30m,3m,4h,5m,6h,8h,USUAL
spot,THEUSDT,1d,2024-11-27,12h,15m,1d,1h,1m,1s,2h,30m,3m,4h,5m,6h,8h,THE
spot,ACXUSDT,1d,2024-12-06,12h,15m,1d,1h,1m,1s,2h,30m,3m,4h,5m,6h,8h,ACX
spot,ORCAUSDT,1d,2024-12-06,12h,15m,1d,1h,1m,1s,2h,30m,3m,4h,5m,6h,8h,ORCA
spot,MOVEUSDT,1d,2024-12-09,12h,15m,1d,1h,1m,1s,2h,30m,3m,4h,5m,6h,8h,MOVE
spot,MEUSDT,1d,2024-12-10,12h,15m,1d,1h,1m,1s,2h,30m,3m,4h,5m,6h,8h,ME
spot,VELODROMEUSDT,1d,2024-12-13,12h,15m,1d,1h,1m,1s,2h,30m,3m,4h,5m,6h,8h,VELODROME
spot,VANAUSDT,1d,2024-12-16,12h,15m,1d,1h,1m,1s,2h,30m,3m,4h,5m,6h,8h,VANA
spot,1000CATUSDT,1d,2024-12-17,12h,15m,1d,1h,1m,1s,2h,30m,3m,4h,5m,6h,8h,1000CAT
spot,PENGUUSDT,1d,2024-12-17,12h,15m,1d,1h,1m,1s,2h,30m,3m,4h,5m,6h,8h,PENGU
spot,BIOUSDT,1d,2025-01-03,12h,15m,1d,1h,1m,1s,2h,30m,3m,4h,5m,6h,8h,BIO
spot,DUSDT,1d,2025-01-09,12h,15m,1d,1h,1m,1s,2h,30m,3m,4h,5m,6h,8h,D
spot,AIXBTUSDT,1d,2025-01-10,12h,15m,1d,1h,1m,1s,2h,30m,3m,4h,5m,6h,8h,AIXBT
spot,CGPTUSDT,1d,2025-01-10,12h,15m,1d,1h,1m,1s,2h,30m,3m,4h,5m,6h,8h,CGPT
spot,COOKIEUSDT,1d,2025-01-10,12h,15m,1d,1h,1m,1s,2h,30m,3m,4h,5m,6h,8h,COOKIE
spot,SUSDT,1d,2025-01-16,12h,15m,1d,1h,1m,1s,2h,30m,3m,4h,5m,6h,8h,S
spot,SOLVUSDT,1d,2025-01-17,12h,15m,1d,1h,1m,1s,2h,30m,3m,4h,5m,6h,8h,SOLV
spot,TRUMPUSDT,1d,2025-01-19,12h,15m,1d,1h,1m,1s,2h,30m,3m,4h,5m,6h,8h,TRUMP
spot,ANIMEUSDT,1d,2025-01-23,12h,15m,1d,1h,1m,1s,2h,30m,3m,4h,5m,6h,8h,ANIME
spot,BERAUSDT,1d,2025-02-06,12h,15m,1d,1h,1m,1s,2h,30m,3m,4h,5m,6h,8h,BERA
spot,1000CHEEMSUSDT,1d,2025-02-09,12h,15m,1d,1h,1m,1s,2h,30m,3m,4h,5m,6h,8h,1000CHEEMS
spot,TSTUSDT,1d,2025-02-09,12h,15m,1d,1h,1m,1s,2h,30m,3m,4h,5m,6h,8h,TST
spot,LAYERUSDT,1d,2025-02-11,12h,15m,1d,1h,1m,1s,2h,30m,3m,4h,5m,6h,8h,LAYER
spot,HEIUSDT,1d,2025-02-13,12h,15m,1d,1h,1m,1s,2h,30m,3m,4h,5m,6h,8h,HEI
spot,KAITOUSDT,1d,2025-02-20,12h,15m,1d,1h,1m,1s,2h,30m,3m,4h,5m,6h,8h,KAITO
spot,SHELLUSDT,1d,2025-02-27,12h,15m,1d,1h,1m,1s,2h,30m,3m,4h,5m,6h,8h,SHELL
spot,REDUSDT,1d,2025-02-28,12h,15m,1d,1h,1m,1s,2h,30m,3m,4h,5m,6h,8h,RED
spot,GPSUSDT,1d,2025-03-04,12h,15m,1d,1h,1m,1s,2h,30m,3m,4h,5m,6h,8h,GPS
spot,EPICUSDT,1d,2025-03-13,12h,15m,1d,1h,1m,1s,2h,30m,3m,4h,5m,6h,8h,EPIC
spot,BMTUSDT,1d,2025-03-18,12h,15m,1d,1h,1m,1s,2h,30m,3m,4h,5m,6h,8h,BMT
spot,FORMUSDT,1d,2025-03-19,12h,15m,1d,1h,1m,1s,2h,30m,3m,4h,5m,6h,8h,FORM
spot,NILUSDT,1d,2025-03-24,12h,15m,1d,1h,1m,1s,2h,30m,3m,4h,5m,6h,8h,NIL
spot,PARTIUSDT,1d,2025-03-25,12h,15m,1d,1h,1m,1s,2h,30m,3m,4h,5m,6h,8h,PARTI
spot,BANANAS31USDT,1d,2025-03-27,12h,15m,1d,1h,1m,1s,2h,30m,3m,4h,5m,6h,8h,BANANAS31
spot,BROCCOLI714USDT,1d,2025-03-27,12h,15m,1d,1h,1m,1s,2h,30m,3m,4h,5m,6h,8h,BROCCOLI714
spot,MUBARAKUSDT,1d,2025-03-27,12h,15m,1d,1h,1m,1s,2h,30m,3m,4h,5m,6h,8h,MUBARAK
spot,TUTUSDT,1d,2025-03-27,12h,15m,1d,1h,1m,1s,2h,30m,3m,4h,5m,6h,8h,TUT
