market,symbol,interval,earliest_date,available_intervals
um,1000000MOGUSDT,1d,2024-11-07,12h,15m,1d,1h,1m,2h,30m,3m,4h,5m,6h,8h
um,1000BONKUSDC,1d,2024-05-02,12h,15m,1d,1h,1m,2h,30m,3m,4h,5m,6h,8h
um,1000BONKUSDT,1d,2023-11-22,12h,15m,1d,1h,1m,2h,30m,3m,4h,5m,6h,8h
um,1000BTTCUSDT,1d,2022-01-26,12h,15m,1d,1h,1m,1mo,1w,2h,30m,3d,3m,4h,5m,6h,8h
um,1000CATUSDT,1d,2024-10-21,12h,15m,1d,1h,1m,2h,30m,3m,4h,5m,6h,8h
um,1000CHEEMSUSDT,1d,2024-11-25,12h,15m,1d,1h,1m,2h,30m,3m,4h,5m,6h,8h
um,1000FLOKIUSDT,1d,2023-05-06,,12h,15m,1d,1h,1m,1mo,1w,2h,30m,3d,3m,4h,5m,6h,8h
um,1000LUNCBUSD,1d,2022-05-31,,12h,15m,1d,1h,1m,1mo,1w,2h,30m,3d,3m,4h,5m,6h,8h
um,1000LUNCUSDT,1d,2022-09-09,,12h,15m,1d,1h,1m,1mo,1w,2h,30m,3d,3m,4h,5m,6h,8h
um,1000PEPEUSDC,1d,2024-03-07,12h,15m,1d,1h,1m,2h,30m,3m,4h,5m,6h,8h
um,1000PEPEUSDT,1d,2023-05-05,,12h,15m,1d,1h,1m,1mo,1w,2h,30m,3d,3m,4h,5m,6h,8h
um,1000RATSUSDT,1d,2023-12-15,12h,15m,1d,1h,1m,2h,30m,3m,4h,5m,6h,8h
um,1000SATSUSDT,1d,2023-12-12,12h,15m,1d,1h,1m,2h,30m,3m,4h,5m,6h,8h
um,1000SHIBBUSD,1d,2022-07-20,,12h,15m,1d,1h,1m,1mo,1w,2h,30m,3d,3m,4h,5m,6h,8h
um,1000SHIBUSDC,1d,2024-03-28,12h,15m,1d,1h,1m,2h,30m,3m,4h,5m,6h,8h
um,1000SHIBUSDT,1d,2021-05-10,,12h,15m,1d,1h,1m,1mo,1w,2h,30m,3d,3m,4h,5m,6h,8h
um,1000WHYUSDT,1d,2024-11-25,12h,15m,1d,1h,1m,2h,30m,3m,4h,5m,6h,8h
um,1000XECUSDT,1d,2021-09-17,,12h,15m,1d,1h,1m,1mo,1w,2h,30m,3d,3m,4h,5m,6h,8h
um,1000XUSDT,1d,2024-11-13,12h,15m,1d,1h,1m,2h,30m,3m,4h,5m,6h,8h
um,1INCHUSDT,1d,2020-12-25,,12h,15m,1d,1h,1m,1mo,1w,2h,30m,3d,3m,4h,5m,6h,8h
um,1MBABYDOGEUSDT,1d,2024-09-16,12h,15m,1d,1h,1m,2h,30m,3m,4h,5m,6h,8h
um,AAVEUSDT,1d,2020-10-16,,12h,15m,1d,1h,1m,1mo,1w,2h,30m,3d,3m,4h,5m,6h,8h
um,ACEUSDT,1d,2023-12-18,12h,15m,1d,1h,1m,2h,30m,3m,4h,5m,6h,8h
um,ACHUSDT,1d,2023-02-22,,12h,15m,1d,1h,1m,1mo,1w,2h,30m,3d,3m,4h,5m,6h,8h
um,ACTUSDT,1d,2024-11-11,12h,15m,1d,1h,1m,2h,30m,3m,4h,5m,6h,8h
um,ACXUSDT,1d,2024-12-06,12h,15m,1d,1h,1m,2h,30m,3m,4h,5m,6h,8h
um,ADABUSD,1d,2021-08-02,,12h,15m,1d,1h,1m,1mo,1w,2h,30m,3d,3m,4h,5m,6h,8h
um,ADAUSDC,1d,2025-03-06,12h,15m,1d,1h,1m,2h,30m,3m,4h,5m,6h,8h
um,ADAUSDT,1d,2020-01-31,,12h,15m,1d,1h,1m,1mo,1w,2h,30m,3d,3m,4h,5m,6h,8h
um,AERGOUSDT,1d,2024-09-10,12h,15m,1d,1h,1m,2h,30m,3m,4h,5m,6h,8h
um,AEROUSDT,1d,2024-12-04,12h,15m,1d,1h,1m,2h,30m,3m,4h,5m,6h,8h
um,AEVOUSDT,1d,2024-03-13,12h,15m,1d,1h,1m,2h,30m,3m,4h,5m,6h,8h
um,AGIXBUSD,1d,2023-01-19,,12h,15m,1d,1h,1m,1mo,1w,2h,30m,3d,3m,4h,5m,6h,8h
um,AGIXUSDT,1d,2023-02-16,,12h,15m,1d,1h,1m,1mo,1w,2h,30m,3d,3m,4h,5m,6h,8h
um,AGLDUSDT,1d,2023-07-29,12h,15m,1d,1h,1m,2h,30m,3d,3m,4h,5m,6h,8h
um,AI16ZUSDT,1d,2025-01-02,12h,15m,1d,1h,1m,2h,30m,3m,4h,5m,6h,8h
um,AIUSDT,1d,2024-01-08,12h,15m,1d,1h,1m,2h,30m,3m,4h,5m,6h,8h
um,AIXBTUSDT,1d,2024-12-20,12h,15m,1d,1h,1m,2h,30m,3m,4h,5m,6h,8h
um,AKROUSDT,1d,2021-01-19,12h,15m,1d,1h,1m,1mo,1w,2h,30m,3d,3m,4h,5m,6h,8h
um,AKTUSDT,1d,2024-11-18,12h,15m,1d,1h,1m,2h,30m,3m,4h,5m,6h,8h
um,ALCHUSDT,1d,2025-01-07,12h,15m,1d,1h,1m,2h,30m,3m,4h,5m,6h,8h
um,ALGOUSDT,1d,2020-06-16,,12h,15m,1d,1h,1m,1mo,1w,2h,30m,3d,3m,4h,5m,6h,8h
um,ALICEUSDT,1d,2021-03-16,,12h,15m,1d,1h,1m,1mo,1w,2h,30m,3d,3m,4h,5m,6h,8h
um,ALPACAUSDT,1d,2024-08-22,12h,15m,1d,1h,1m,2h,30m,3m,4h,5m,6h,8h
um,ALPHAUSDT,1d,2020-11-23,,12h,15m,1d,1h,1m,1mo,1w,2h,30m,3d,3m,4h,5m,6h,8h
um,ALTUSDT,1d,2024-01-25,12h,15m,1d,1h,1m,2h,30m,3m,4h,5m,6h,8h
um,AMBBUSD,1d,2022-09-14,,12h,15m,1d,1h,1m,1mo,1w,2h,30m,3d,3m,4h,5m,6h,8h
um,AMBUSDT,1d,2023-03-30,,12h,15m,1d,1h,1m,1mo,1w,2h,30m,3d,3m,4h,5m,6h,8h
um,ANCBUSD,1d,2022-05-25,,12h,15m,1d,1h,1m,1mo,1w,2h,30m,3d,3m,4h,5m,6h,8h
um,ANCUSDT,1d,2022-03-08,12h,15m,1d,1h,1m,1mo,1w,2h,30m,3d,3m,4h,5m,6h,8h
um,ANIMEUSDT,1d,2025-01-23,12h,15m,1d,1h,1m,2h,30m,3m,4h,5m,6h,8h
um,ANKRUSDT,1d,2021-01-26,,12h,15m,1d,1h,1m,1mo,1w,2h,30m,3d,3m,4h,5m,6h,8h
um,ANTUSDT,1d,2021-12-27,,12h,15m,1d,1h,1m,1mo,1w,2h,30m,3d,3m,4h,5m,6h,8h
um,APEBUSD,1d,2022-05-19,,12h,15m,1d,1h,1m,1mo,1w,2h,30m,3d,3m,4h,5m,6h,8h
um,APEUSDT,1d,2022-03-17,,12h,15m,1d,1h,1m,1mo,1w,2h,30m,3d,3m,4h,5m,6h,8h
um,API3USDT,1d,2022-02-22,,12h,15m,1d,1h,1m,1mo,1w,2h,30m,3d,3m,4h,5m,6h,8h
um,APTBUSD,1d,2022-10-25,,12h,15m,1d,1h,1m,1mo,1w,2h,30m,3d,3m,4h,5m,6h,8h
um,APTUSDT,1d,2022-10-19,,12h,15m,1d,1h,1m,1mo,1w,2h,30m,3d,3m,4h,5m,6h,8h
um,ARBUSDC,1d,2024-04-18,12h,15m,1d,1h,1m,2h,30m,3m,4h,5m,6h,8h
um,ARBUSDT,1d,2023-03-23,,12h,15m,1d,1h,1m,1mo,1w,2h,30m,3d,3m,4h,5m,6h,8h
um,ARCUSDT,1d,2025-01-17,12h,15m,1d,1h,1m,2h,30m,3m,4h,5m,6h,8h
um,ARKMUSDT,1d,2023-07-28,12h,15m,1d,1h,1m,2h,30m,3d,3m,4h,5m,6h,8h
um,ARKUSDT,1d,2023-09-19,12h,15m,1d,1h,1m,2h,30m,3m,4h,5m,6h,8h
um,ARPAUSDT,1d,2021-10-19,,12h,15m,1d,1h,1m,1mo,1w,2h,30m,3d,3m,4h,5m,6h,8h
um,ARUSDT,1d,2021-09-28,,12h,15m,1d,1h,1m,1mo,1w,2h,30m,3d,3m,4h,5m,6h,8h
um,ASTRUSDT,1d,2023-02-14,,12h,15m,1d,1h,1m,1mo,1w,2h,30m,3d,3m,4h,5m,6h,8h
um,ATAUSDT,1d,2021-08-31,,12h,15m,1d,1h,1m,1mo,1w,2h,30m,3d,3m,4h,5m,6h,8h
um,ATOMUSDT,1d,2020-02-07,,12h,15m,1d,1h,1m,1mo,1w,2h,30m,3d,3m,4h,5m,6h,8h
um,AUCTIONBUSD,1d,2022-08-05,,12h,15m,1d,1h,1m,1mo,1w,2h,30m,3d,3m,4h,5m,6h,8h
um,AUCTIONUSDT,1d,2023-12-15,12h,15m,1d,1h,1m,2h,30m,3m,4h,5m,6h,8h
um,AUDIOUSDT,1d,2021-08-19,,12h,15m,1d,1h,1m,1mo,1w,2h,30m,3d,3m,4h,5m,6h,8h
um,AVAAIUSDT,1d,2025-01-17,12h,15m,1d,1h,1m,2h,30m,3m,4h,5m,6h,8h
um,AVAUSDT,1d,2024-12-13,12h,15m,1d,1h,1m,2h,30m,3m,4h,5m,6h,8h
um,AVAXBUSD,1d,2022-05-13,,12h,15m,1d,1h,1m,1mo,1w,2h,30m,3d,3m,4h,5m,6h,8h
um,AVAXUSDC,1d,2024-03-20,12h,15m,1d,1h,1m,2h,30m,3m,4h,5m,6h,8h
um,AVAXUSDT,1d,2020-09-23,,12h,15m,1d,1h,1m,1mo,1w,2h,30m,3d,3m,4h,5m,6h,8h
um,AXLUSDT,1d,2024-03-01,12h,15m,1d,1h,1m,2h,30m,3m,4h,5m,6h,8h
um,AXSUSDT,1d,2020-11-20,,12h,15m,1d,1h,1m,1mo,1w,2h,30m,3d,3m,4h,5m,6h,8h
um,B3USDT,1d,2025-02-13,12h,15m,1d,1h,1m,2h,30m,3m,4h,5m,6h,8h
um,BADGERUSDT,1d,2023-11-09,12h,15m,1d,1h,1m,2h,30m,3m,4h,5m,6h,8h
um,BAKEUSDT,1d,2021-05-19,,12h,15m,1d,1h,1m,1mo,1w,2h,30m,3d,3m,4h,5m,6h,8h
um,BALUSDT,1d,2020-09-01,,12h,15m,1d,1h,1m,1mo,1w,2h,30m,3d,3m,4h,5m,6h,8h
um,BANANAS31USDT,1d,2025-03-22,12h,15m,1d,1h,1m,2h,30m,3m,4h,5m,6h,8h
um,BANANAUSDT,1d,2024-08-15,12h,15m,1d,1h,1m,2h,30m,3m,4h,5m,6h,8h
um,BANDUSDT,1d,2020-07-29,,12h,15m,1d,1h,1m,1mo,1w,2h,30m,3d,3m,4h,5m,6h,8h
um,BANUSDT,1d,2024-11-18,12h,15m,1d,1h,1m,2h,30m,3m,4h,5m,6h,8h
um,BATUSDT,1d,2020-02-13,,12h,15m,1d,1h,1m,1mo,1w,2h,30m,3d,3m,4h,5m,6h,8h
um,BBUSDT,1d,2024-05-13,12h,15m,1d,1h,1m,2h,30m,3m,4h,5m,6h,8h
um,BCHUSDC,1d,2024-04-04,12h,15m,1d,1h,1m,2h,30m,3m,4h,5m,6h,8h
um,BCHUSDT,1d,2019-12-31,,12h,15m,1d,1h,1m,1mo,1w,2h,30m,3d,3m,4h,5m,6h,8h
um,BEAMXUSDT,1d,2023-11-17,12h,15m,1d,1h,1m,2h,30m,3d,3m,4h,5m,6h,8h
um,BELUSDT,1d,2020-11-18,,12h,15m,1d,1h,1m,1mo,1w,2h,30m,3d,3m,4h,5m,6h,8h
um,BERAUSDT,1d,2025-02-06,12h,15m,1d,1h,1m,2h,30m,3m,4h,5m,6h,8h
um,BICOUSDT,1d,2023-09-28,12h,15m,1d,1h,1m,2h,30m,3m,4h,5m,6h,8h
um,BIDUSDT,1d,2025-03-20,12h,15m,1d,1h,1m,2h,30m,3m,4h,5m,6h,8h
um,BIGTIMEUSDT,1d,2023-10-12,12h,15m,1d,1h,1m,2h,30m,3d,3m,4h,5m,6h,8h
um,BIOUSDT,1d,2025-01-03,12h,15m,1d,1h,1m,2h,30m,3m,4h,5m,6h,8h
um,BLUEBIRDUSDT,1d,2022-11-02,,12h,15m,1d,1h,1m,1mo,1w,2h,30m,3d,3m,4h,5m,6h,8h
um,BLURUSDT,1d,2023-04-28,,12h,15m,1d,1h,1m,1mo,1w,2h,30m,3d,3m,4h,5m,6h,8h
um,BLZUSDT,1d,2020-09-17,,12h,15m,1d,1h,1m,1mo,1w,2h,30m,3d,3m,4h,5m,6h,8h
um,BMTUSDT,1d,2025-03-17,12h,15m,1d,1h,1m,2h,30m,3m,4h,5m,6h,8h
um,BNBBUSD,1d,2021-07-28,,12h,15m,1d,1h,1m,1mo,1w,2h,30m,3d,3m,4h,5m,6h,8h
um,BNBUSDC,1d,2024-01-04,12h,15m,1d,1h,1m,2h,30m,3m,4h,5m,6h,8h
um,BNBUSDT,1d,2020-02-10,,12h,15m,1d,1h,1m,1mo,1w,2h,30m,3d,3m,4h,5m,6h,8h
um,BNTUSDT,1d,2023-08-10,12h,15m,1d,1h,1m,2h,30m,3d,3m,4h,5m,6h,8h
um,BNXUSDT,1d,2022-04-01,,12h,15m,1d,1h,1m,1mo,1w,2h,30m,3d,3m,4h,5m,6h,8h
um,BNXUSDTSETTLED,1d,2022-04-01,12h,15m,1d,1h,1m,1mo,1w,2h,30m,3d,3m,4h,5m,6h,8h
um,BOMEUSDC,1d,2024-04-25,12h,15m,1d,1h,1m,2h,30m,3m,4h,5m,6h,8h
um,BOMEUSDT,1d,2024-03-16,12h,15m,1d,1h,1m,2h,30m,3m,4h,5m,6h,8h
um,BONDUSDT,1d,2023-10-15,12h,15m,1d,1h,1m,2h,30m,3d,3m,4h,5m,6h,8h
um,BRETTUSDT,1d,2024-08-20,12h,15m,1d,1h,1m,2h,30m,3m,4h,5m,6h,8h
um,BROCCOLI714USDT,1d,2025-03-21,12h,15m,1d,1h,1m,2h,30m,3m,4h,5m,6h,8h
um,BROCCOLIF3BUSDT,1d,2025-03-21,12h,15m,1d,1h,1m,2h,30m,3m,4h,5m,6h,8h
um,BRUSDT,1d,2025-03-21,12h,15m,1d,1h,1m,2h,30m,3m,4h,5m,6h,8h
um,BSVUSDT,1d,2023-10-20,12h,15m,1d,1h,1m,2h,30m,3m,4h,5m,6h,8h
um,BSWUSDT,1d,2024-09-05,12h,15m,1d,1h,1m,2h,30m,3m,4h,5m,6h,8h
um,BTCBUSD,1d,2021-01-12,,12h,15m,1d,1h,1m,1mo,1w,2h,30m,3d,3m,4h,5m,6h,8h
um,BTCBUSD_210129,1d,2021-01-05,12h,15m,1d,1h,1m,1w,2h,30m,3d,3m,4h,5m,6h,8h
um,BTCBUSD_210226,1d,2021-01-05,12h,15m,1d,1h,1m,1w,2h,30m,3d,3m,4h,5m,6h,8h
um,BTCDOMUSDT,1d,2021-06-21,,12h,15m,1d,1h,1m,1mo,1w,2h,30m,3d,3m,4h,5m,6h,8h
um,BTCSTUSDT,1d,2021-03-04,,12h,15m,1d,1h,1m,1mo,1w,2h,30m,3d,3m,4h,5m,6h,8h
um,BTCUSDC,1d,2024-01-04,12h,15m,1d,1h,1m,2h,30m,3m,4h,5m,6h,8h
um,BTCUSDT,1d,2019-12-31,,12h,15m,1d,1h,1m,1mo,1w,2h,30m,3d,3m,4h,5m,6h,8h
um,BTCUSDT_210326,1d,2021-02-03,12h,15m,1d,1h,1m,1mo,1w,2h,30m,3d,3m,4h,5m,6h,8h
um,BTCUSDT_210625,1d,2021-03-16,12h,15m,1d,1h,1m,1mo,1w,2h,30m,3d,3m,4h,5m,6h,8h
um,BTCUSDT_210924,1d,2021-06-18,12h,15m,1d,1h,1m,1mo,1w,2h,30m,3d,3m,4h,5m,6h,8h
um,BTCUSDT_211231,1d,2021-09-22,12h,15m,1d,1h,1m,1mo,1w,2h,30m,3d,3m,4h,5m,6h,8h
um,BTCUSDT_220325,1d,2021-12-24,12h,15m,1d,1h,1m,1mo,1w,2h,30m,3d,3m,4h,5m,6h,8h
um,BTCUSDT_220624,1d,2022-03-22,12h,15m,1d,1h,1m,1mo,1w,2h,30m,3d,3m,4h,5m,6h,8h
um,BTCUSDT_220930,1d,2022-06-20,12h,15m,1d,1h,1m,1mo,1w,2h,30m,3d,3m,4h,5m,6h,8h
um,BTCUSDT_221230,1d,2022-09-23,12h,15m,1d,1h,1m,1mo,1w,2h,30m,3d,3m,4h,5m,6h,8h
um,BTCUSDT_230331,1d,2022-12-23,12h,15m,1d,1h,1m,1mo,1w,2h,30m,3d,3m,4h,5m,6h,8h
um,BTCUSDT_230630,1d,2023-03-27,,12h,15m,1d,1h,1m,1mo,1w,2h,30m,3d,3m,4h,5m,6h,8h
um,BTCUSDT_230929,1d,2023-06-25,12h,15m,1d,1h,1m,2h,30m,3d,3m,4h,5m,6h,8h
um,BTCUSDT_231229,1d,2023-08-18,12h,15m,1d,1h,1m,2h,30m,3m,4h,5m,6h,8h
um,BTCUSDT_240329,1d,2023-09-29,12h,15m,1d,1h,1m,2h,30m,3m,4h,5m,6h,8h
um,BTCUSDT_240628,1d,2023-12-29,12h,15m,1d,1h,1m,2h,30m,3m,4h,5m,6h,8h
um,BTCUSDT_240927,1d,2024-03-29,12h,15m,1d,1h,1m,2h,30m,3m,4h,5m,6h,8h
um,BTCUSDT_241227,1d,2024-06-28,12h,15m,1d,1h,1m,2h,30m,3m,4h,5m,6h,8h
um,BTCUSDT_250328,1d,2024-09-27,12h,15m,1d,1h,1m,2h,30m,3m,4h,5m,6h,8h
um,BTCUSDT_250627,1d,2024-12-27,12h,15m,1d,1h,1m,2h,30m,3m,4h,5m,6h,8h
um,BTSUSDT,1d,2021-02-01,,12h,15m,1d,1h,1m,1mo,1w,2h,30m,3d,3m,4h,5m,6h,8h
um,BTTUSDT,1d,2021-04-06,12h,15m,1d,1h,1m,1mo,1w,2h,30m,3d,3m,4h,5m,6h,8h
um,BZRXUSDT,1d,2020-09-05,12h,15m,1d,1h,1m,1mo,1w,2h,30m,3d,3m,4h,5m,6h,8h
um,C98USDT,1d,2021-08-24,,12h,15m,1d,1h,1m,1mo,1w,2h,30m,3d,3m,4h,5m,6h,8h
um,CAKEUSDT,1d,2023-11-02,12h,15m,1d,1h,1m,2h,30m,3d,3m,4h,5m,6h,8h
um,CATIUSDT,1d,2024-09-20,12h,15m,1d,1h,1m,2h,30m,3m,4h,5m,6h,8h
um,CELOUSDT,1d,2021-09-27,,12h,15m,1d,1h,1m,1mo,1w,2h,30m,3d,3m,4h,5m,6h,8h
um,CELRUSDT,1d,2021-03-29,,12h,15m,1d,1h,1m,1mo,1w,2h,30m,3d,3m,4h,5m,6h,8h
um,CETUSUSDT,1d,2024-11-06,12h,15m,1d,1h,1m,2h,30m,3m,4h,5m,6h,8h
um,CFXUSDT,1d,2023-02-20,,12h,15m,1d,1h,1m,1mo,1w,2h,30m,3d,3m,4h,5m,6h,8h
um,CGPTUSDT,1d,2024-12-20,12h,15m,1d,1h,1m,2h,30m,3m,4h,5m,6h,8h
um,CHESSUSDT,1d,2024-08-29,12h,15m,1d,1h,1m,2h,30m,3m,4h,5m,6h,8h
um,CHILLGUYUSDT,1d,2024-11-27,12h,15m,1d,1h,1m,2h,30m,3m,4h,5m,6h,8h
um,CHRUSDT,1d,2021-03-12,,12h,15m,1d,1h,1m,1mo,1w,2h,30m,3d,3m,4h,5m,6h,8h
um,CHZUSDT,1d,2021-01-21,,12h,15m,1d,1h,1m,1mo,1w,2h,30m,3d,3m,4h,5m,6h,8h
um,CKBUSDT,1d,2023-02-28,,12h,15m,1d,1h,1m,1mo,1w,2h,30m,3d,3m,4h,5m,6h,8h
um,COCOSUSDT,1d,2023-02-21,,12h,15m,1d,1h,1m,1mo,1w,2h,30m,3d,3m,4h,5m,6h,8h
um,COMBOUSDT,1d,2023-06-02,,12h,15m,1d,1h,1m,1w,2h,30m,3d,3m,4h,5m,6h,8h
um,COMPUSDT,1d,2020-06-30,,12h,15m,1d,1h,1m,1mo,1w,2h,30m,3d,3m,4h,5m,6h,8h
um,COOKIEUSDT,1d,2025-01-07,12h,15m,1d,1h,1m,2h,30m,3m,4h,5m,6h,8h
um,COSUSDT,1d,2024-09-30,12h,15m,1d,1h,1m,2h,30m,3m,4h,5m,6h,8h
um,COTIUSDT,1d,2021-03-10,,12h,15m,1d,1h,1m,1mo,1w,2h,30m,3d,3m,4h,5m,6h,8h
um,COWUSDT,1d,2024-11-06,12h,15m,1d,1h,1m,2h,30m,3m,4h,5m,6h,8h
um,CRVUSDC,1d,2024-07-04,12h,15m,1d,1h,1m,2h,30m,3m,4h,5m,6h,8h
um,CRVUSDT,1d,2020-09-01,,12h,15m,1d,1h,1m,1mo,1w,2h,30m,3d,3m,4h,5m,6h,8h
um,CTKUSDT,1d,2020-11-19,,12h,15m,1d,1h,1m,1mo,1w,2h,30m,3d,3m,4h,5m,6h,8h
um,CTSIUSDT,1d,2021-10-26,,12h,15m,1d,1h,1m,1mo,1w,2h,30m,3d,3m,4h,5m,6h,8h
um,CVCUSDT,1d,2020-11-11,,12h,15m,1d,1h,1m,1mo,1w,2h,30m,3d,3m,4h,5m,6h,8h
um,CVXBUSD,1d,2022-07-13,,12h,15m,1d,1h,1m,1mo,1w,2h,30m,3d,3m,4h,5m,6h,8h
um,CVXUSDT,1d,2022-09-22,,12h,15m,1d,1h,1m,1mo,1w,2h,30m,3d,3m,4h,5m,6h,8h
um,CYBERUSDT,1d,2023-08-21,12h,15m,1d,1h,1m,2h,30m,3m,4h,5m,6h,8h
um,DARUSDT,1d,2022-04-29,,12h,15m,1d,1h,1m,1mo,1w,2h,30m,3d,3m,4h,5m,6h,8h
um,DASHUSDT,1d,2020-02-04,,12h,15m,1d,1h,1m,1mo,1w,2h,30m,3d,3m,4h,5m,6h,8h
um,DEFIUSDT,1d,2020-08-28,,12h,15m,1d,1h,1m,1mo,1w,2h,30m,3d,3m,4h,5m,6h,8h
um,DEGENUSDT,1d,2024-11-15,12h,15m,1d,1h,1m,2h,30m,3m,4h,5m,6h,8h
um,DEGOUSDT,1d,2024-12-13,12h,15m,1d,1h,1m,2h,30m,3m,4h,5m,6h,8h
um,DENTUSDT,1d,2021-03-24,,12h,15m,1d,1h,1m,1mo,1w,2h,30m,3d,3m,4h,5m,6h,8h
um,DEXEUSDT,1d,2024-12-24,12h,15m,1d,1h,1m,2h,30m,3m,4h,5m,6h,8h
um,DFUSDT,1d,2024-12-30,12h,15m,1d,1h,1m,2h,30m,3m,4h,5m,6h,8h
um,DGBUSDT,1d,2021-04-21,,12h,15m,1d,1h,1m,1mo,1w,2h,30m,3d,3m,4h,5m,6h,8h
um,DIAUSDT,1d,2024-10-02,12h,15m,1d,1h,1m,2h,30m,3m,4h,5m,6h,8h
um,DODOBUSD,1d,2022-05-25,,12h,15m,1d,1h,1m,1mo,1w,2h,30m,3d,3m,4h,5m,6h,8h
um,DODOUSDT,1d,2021-02-19,12h,15m,1d,1h,1m,1mo,1w,2h,30m,3d,3m,4h,5m,6h,8h
um,DODOXUSDT,1d,2023-08-08,12h,15m,1d,1h,1m,2h,30m,3d,3m,4h,5m,6h,8h
um,DOGEBUSD,1d,2021-08-18,,12h,15m,1d,1h,1m,1mo,1w,2h,30m,3d,3m,4h,5m,6h,8h
um,DOGEUSDC,1d,2024-01-18,12h,15m,1d,1h,1m,2h,30m,3m,4h,5m,6h,8h
um,DOGEUSDT,1d,2020-07-10,,12h,15m,1d,1h,1m,1mo,1w,2h,30m,3d,3m,4h,5m,6h,8h
um,DOGSUSDT,1d,2024-08-26,12h,15m,1d,1h,1m,2h,30m,3m,4h,5m,6h,8h
um,DOTBUSD,1d,2022-06-08,,12h,15m,1d,1h,1m,1mo,1w,2h,30m,3d,3m,4h,5m,6h,8h
um,DOTECOUSDT,1d,2021-01-20,12h,15m,1d,1h,1m,1mo,1w,2h,30m,3d,3m,4h,5m,6h,8h
um,DOTUSDT,1d,2020-08-22,,12h,15m,1d,1h,1m,1mo,1w,2h,30m,3d,3m,4h,5m,6h,8h
um,DRIFTUSDT,1d,2024-11-08,12h,15m,1d,1h,1m,2h,30m,3m,4h,5m,6h,8h
um,DUSDT,1d,2025-01-09,12h,15m,1d,1h,1m,2h,30m,3m,4h,5m,6h,8h
um,DUSKUSDT,1d,2022-01-07,,12h,15m,1d,1h,1m,1mo,1w,2h,30m,3d,3m,4h,5m,6h,8h
um,DYDXUSDT,1d,2021-09-10,,12h,15m,1d,1h,1m,1mo,1w,2h,30m,3d,3m,4h,5m,6h,8h
um,DYMUSDT,1d,2024-02-07,12h,15m,1d,1h,1m,2h,30m,3m,4h,5m,6h,8h
um,EDUUSDT,1d,2023-04-30,,12h,15m,1d,1h,1m,1mo,1w,2h,30m,3d,3m,4h,5m,6h,8h
um,EGLDUSDT,1d,2020-09-14,,12h,15m,1d,1h,1m,1mo,1w,2h,30m,3d,3m,4h,5m,6h,8h
um,EIGENUSDT,1d,2024-10-01,12h,15m,1d,1h,1m,2h,30m,3m,4h,5m,6h,8h
um,ENAUSDC,1d,2024-05-02,12h,15m,1d,1h,1m,2h,30m,3m,4h,5m,6h,8h
um,ENAUSDT,1d,2024-04-02,12h,15m,1d,1h,1m,2h,30m,3m,4h,5m,6h,8h
um,ENJUSDT,1d,2020-09-29,,12h,15m,1d,1h,1m,1mo,1w,2h,30m,3d,3m,4h,5m,6h,8h
um,ENSUSDT,1d,2021-11-30,,12h,15m,1d,1h,1m,1mo,1w,2h,30m,3d,3m,4h,5m,6h,8h
um,EOSUSDT,1d,2020-01-08,,12h,15m,1d,1h,1m,1mo,1w,2h,30m,3d,3m,4h,5m,6h,8h
um,EPICUSDT,1d,2025-03-13,12h,15m,1d,1h,1m,2h,30m,3m,4h,5m,6h,8h
um,ETCBUSD,1d,2022-07-28,,12h,15m,1d,1h,1m,1mo,1w,2h,30m,3d,3m,4h,5m,6h,8h
um,ETCUSDT,1d,2020-01-16,,12h,15m,1d,1h,1m,1mo,1w,2h,30m,3d,3m,4h,5m,6h,8h
um,ETHBTC,1d,2023-04-26,,12h,15m,1d,1h,1m,1mo,1w,2h,30m,3d,3m,4h,5m,6h,8h
um,ETHBUSD,1d,2021-06-16,,12h,15m,1d,1h,1m,1mo,1w,2h,30m,3d,3m,4h,5m,6h,8h
um,ETHFIUSDC,1d,2024-05-02,12h,15m,1d,1h,1m,2h,30m,3m,4h,5m,6h,8h
um,ETHFIUSDT,1d,2024-03-18,12h,15m,1d,1h,1m,2h,30m,3m,4h,5m,6h,8h
um,ETHUSDC,1d,2024-01-04,12h,15m,1d,1h,1m,2h,30m,3m,4h,5m,6h,8h
um,ETHUSDT,1d,2019-12-31,,12h,15m,1d,1h,1m,1mo,1w,2h,30m,3d,3m,4h,5m,6h,8h
um,ETHUSDT_210326,1d,2021-02-04,12h,15m,1d,1h,1m,1mo,1w,2h,30m,3d,3m,4h,5m,6h,8h
um,ETHUSDT_210625,1d,2021-03-16,12h,15m,1d,1h,1m,1mo,1w,2h,30m,3d,3m,4h,5m,6h,8h
um,ETHUSDT_210924,1d,2021-06-18,12h,15m,1d,1h,1m,1mo,1w,2h,30m,3d,3m,4h,5m,6h,8h
um,ETHUSDT_211231,1d,2021-09-22,12h,15m,1d,1h,1m,1mo,1w,2h,30m,3d,3m,4h,5m,6h,8h
um,ETHUSDT_220325,1d,2021-12-24,12h,15m,1d,1h,1m,1mo,1w,2h,30m,3d,3m,4h,5m,6h,8h
um,ETHUSDT_220624,1d,2022-03-22,12h,15m,1d,1h,1m,1mo,1w,2h,30m,3d,3m,4h,5m,6h,8h
um,ETHUSDT_220930,1d,2022-06-20,12h,15m,1d,1h,1m,1mo,1w,2h,30m,3d,3m,4h,5m,6h,8h
um,ETHUSDT_221230,1d,2022-09-23,12h,15m,1d,1h,1m,1mo,1w,2h,30m,3d,3m,4h,5m,6h,8h
um,ETHUSDT_230331,1d,2022-12-23,12h,15m,1d,1h,1m,1mo,1w,2h,30m,3d,3m,4h,5m,6h,8h
um,ETHUSDT_230630,1d,2023-03-27,,12h,15m,1d,1h,1m,1mo,1w,2h,30m,3d,3m,4h,5m,6h,8h
um,ETHUSDT_230929,1d,2023-06-25,12h,15m,1d,1h,1m,2h,30m,3d,3m,4h,5m,6h,8h
um,ETHUSDT_231229,1d,2023-08-18,12h,15m,1d,1h,1m,2h,30m,3m,4h,5m,6h,8h
um,ETHUSDT_240329,1d,2023-09-29,12h,15m,1d,1h,1m,2h,30m,3m,4h,5m,6h,8h
um,ETHUSDT_240628,1d,2023-12-29,12h,15m,1d,1h,1m,2h,30m,3m,4h,5m,6h,8h
um,ETHUSDT_240927,1d,2024-03-29,12h,15m,1d,1h,1m,2h,30m,3m,4h,5m,6h,8h
um,ETHUSDT_241227,1d,2024-06-28,12h,15m,1d,1h,1m,2h,30m,3m,4h,5m,6h,8h
um,ETHUSDT_250328,1d,2024-09-27,12h,15m,1d,1h,1m,2h,30m,3m,4h,5m,6h,8h
um,ETHUSDT_250627,1d,2024-12-27,12h,15m,1d,1h,1m,2h,30m,3m,4h,5m,6h,8h
um,ETHWUSDT,1d,2023-11-28,12h,15m,1d,1h,1m,2h,30m,3m,4h,5m,6h,8h
um,FARTCOINUSDT,1d,2024-12-20,12h,15m,1d,1h,1m,2h,30m,3m,4h,5m,6h,8h
um,FETUSDT,1d,2023-01-17,,12h,15m,1d,1h,1m,1mo,1w,2h,30m,3d,3m,4h,5m,6h,8h
um,FIDAUSDT,1d,2024-09-19,12h,15m,1d,1h,1m,2h,30m,3m,4h,5m,6h,8h
um,FILBUSD,1d,2022-07-20,,12h,15m,1d,1h,1m,1mo,1w,2h,30m,3d,3m,4h,5m,6h,8h
um,FILUSDC,1d,2024-04-18,12h,15m,1d,1h,1m,2h,30m,3m,4h,5m,6h,8h
um,FILUSDT,1d,2020-10-16,,12h,15m,1d,1h,1m,1mo,1w,2h,30m,3d,3m,4h,5m,6h,8h
um,FIOUSDT,1d,2024-09-20,12h,15m,1d,1h,1m,2h,30m,3m,4h,5m,6h,8h
um,FLMUSDT,1d,2020-09-29,,12h,15m,1d,1h,1m,1mo,1w,2h,30m,3d,3m,4h,5m,6h,8h
um,FLOWUSDT,1d,2022-02-10,,12h,15m,1d,1h,1m,1mo,1w,2h,30m,3d,3m,4h,5m,6h,8h
um,FLUXUSDT,1d,2024-09-03,12h,15m,1d,1h,1m,2h,30m,3m,4h,5m,6h,8h
um,FOOTBALLUSDT,1d,2022-09-01,,12h,15m,1d,1h,1m,1mo,1w,2h,30m,3d,3m,4h,5m,6h,8h
um,FORMUSDT,1d,2025-03-19,12h,15m,1d,1h,1m,2h,30m,3m,4h,5m,6h,8h
um,FRONTUSDT,1d,2023-09-22,12h,15m,1d,1h,1m,2h,30m,3m,4h,5m,6h,8h
um,FTMBUSD,1d,2022-05-24,,12h,15m,1d,1h,1m,1mo,1w,2h,30m,3d,3m,4h,5m,6h,8h
um,FTMUSDT,1d,2020-09-24,,12h,15m,1d,1h,1m,1mo,1w,2h,30m,3d,3m,4h,5m,6h,8h
um,FTTBUSD,1d,2021-09-08,,12h,15m,1d,1h,1m,1mo,1w,2h,30m,3d,3m,4h,5m,6h,8h
um,FTTUSDT,1d,2022-04-15,,12h,15m,1d,1h,1m,1mo,1w,2h,30m,3d,3m,4h,5m,6h,8h
um,FXSUSDT,1d,2023-01-20,,12h,15m,1d,1h,1m,1mo,1w,2h,30m,3d,3m,4h,5m,6h,8h
um,GALABUSD,1d,2022-05-26,,12h,15m,1d,1h,1m,1mo,1w,2h,30m,3d,3m,4h,5m,6h,8h
um,GALAUSDT,1d,2021-09-18,,12h,15m,1d,1h,1m,1mo,1w,2h,30m,3d,3m,4h,5m,6h,8h
um,GALBUSD,1d,2022-05-24,,12h,15m,1d,1h,1m,1mo,1w,2h,30m,3d,3m,4h,5m,6h,8h
um,GALUSDT,1d,2022-05-05,,12h,15m,1d,1h,1m,1mo,1w,2h,30m,3d,3m,4h,5m,6h,8h
um,GASUSDT,1d,2023-10-25,12h,15m,1d,1h,1m,2h,30m,3m,4h,5m,6h,8h
um,GHSTUSDT,1d,2024-09-23,12h,15m,1d,1h,1m,2h,30m,3m,4h,5m,6h,8h
um,GLMRUSDT,1d,2023-09-26,12h,15m,1d,1h,1m,2h,30m,3m,4h,5m,6h,8h
um,GLMUSDT,1d,2024-02-22,12h,15m,1d,1h,1m,2h,30m,3m,4h,5m,6h,8h
um,GMTBUSD,1d,2022-05-18,,12h,15m,1d,1h,1m,1mo,1w,2h,30m,3d,3m,4h,5m,6h,8h
um,GMTUSDT,1d,2022-03-15,,12h,15m,1d,1h,1m,1mo,1w,2h,30m,3d,3m,4h,5m,6h,8h
um,GMXUSDT,1d,2023-02-17,,12h,15m,1d,1h,1m,1mo,1w,2h,30m,3d,3m,4h,5m,6h,8h
um,GOATUSDT,1d,2024-10-24,12h,15m,1d,1h,1m,2h,30m,3m,4h,5m,6h,8h
um,GPSUSDT,1d,2025-02-17,12h,15m,1d,1h,1m,2h,30m,3m,4h,5m,6h,8h
um,GRASSUSDT,1d,2024-11-08,12h,15m,1d,1h,1m,2h,30m,3m,4h,5m,6h,8h
um,GRIFFAINUSDT,1d,2025-01-02,12h,15m,1d,1h,1m,2h,30m,3m,4h,5m,6h,8h
um,GRTUSDT,1d,2020-12-19,,12h,15m,1d,1h,1m,1mo,1w,2h,30m,3d,3m,4h,5m,6h,8h
um,GTCUSDT,1d,2021-06-11,,12h,15m,1d,1h,1m,1mo,1w,2h,30m,3d,3m,4h,5m,6h,8h
um,GUSDT,1d,2024-08-15,12h,15m,1d,1h,1m,2h,30m,3m,4h,5m,6h,8h
um,HBARUSDC,1d,2025-03-07,12h,15m,1d,1h,1m,2h,30m,3m,4h,5m,6h,8h
um,HBARUSDT,1d,2021-03-17,,12h,15m,1d,1h,1m,1mo,1w,2h,30m,3d,3m,4h,5m,6h,8h
um,HEIUSDT,1d,2025-02-13,12h,15m,1d,1h,1m,2h,30m,3m,4h,5m,6h,8h
um,HFTUSDT,1d,2023-04-06,,12h,15m,1d,1h,1m,1mo,1w,2h,30m,3d,3m,4h,5m,6h,8h
um,HIFIUSDT,1d,2023-09-16,12h,15m,1d,1h,1m,2h,30m,3m,4h,5m,6h,8h
um,HIGHUSDT,1d,2023-02-07,,12h,15m,1d,1h,1m,1mo,1w,2h,30m,3d,3m,4h,5m,6h,8h
um,HIPPOUSDT,1d,2024-11-13,12h,15m,1d,1h,1m,2h,30m,3m,4h,5m,6h,8h
um,HIVEUSDT,1d,2024-12-23,12h,15m,1d,1h,1m,2h,30m,3m,4h,5m,6h,8h
um,HMSTRUSDT,1d,2024-09-26,12h,15m,1d,1h,1m,2h,30m,3m,4h,5m,6h,8h
um,HNTUSDT,1d,2020-09-28,,12h,15m,1d,1h,1m,1mo,1w,2h,30m,3d,3m,4h,5m,6h,8h
um,HOOKUSDT,1d,2023-01-23,,12h,15m,1d,1h,1m,1mo,1w,2h,30m,3d,3m,4h,5m,6h,8h
um,HOTUSDT,1d,2021-03-30,,12h,15m,1d,1h,1m,1mo,1w,2h,30m,3d,3m,4h,5m,6h,8h
um,ICPBUSD,1d,2022-06-09,12h,15m,1d,1h,1m,1mo,1w,2h,30m,3d,3m,4h,5m,6h,8h
um,ICPUSDT,1d,2021-05-11,,12h,15m,1d,1h,1m,1mo,1w,2h,30m,3d,3m,4h,5m,6h,8h
um,ICPUSDT_SETTLED,1d,2021-07-09,12h,15m,1d,1h,1m,1mo,1w,2h,30m,3d,3m,4h,5m,6h,8h
um,ICXUSDT,1d,2020-09-15,,12h,15m,1d,1h,1m,1mo,1w,2h,30m,3d,3m,4h,5m,6h,8h
um,IDEXUSDT,1d,2023-05-03,,12h,15m,1d,1h,1m,1mo,1w,2h,30m,3d,3m,4h,5m,6h,8h
um,IDUSDT,1d,2023-03-23,,12h,15m,1d,1h,1m,1mo,1w,2h,30m,3d,3m,4h,5m,6h,8h
um,ILVUSDT,1d,2023-11-10,12h,15m,1d,1h,1m,2h,30m,3m,4h,5m,6h,8h
um,IMXUSDT,1d,2022-02-11,,12h,15m,1d,1h,1m,1mo,1w,2h,30m,3d,3m,4h,5m,6h,8h
um,INJUSDT,1d,2022-08-17,,12h,15m,1d,1h,1m,1mo,1w,2h,30m,3d,3m,4h,5m,6h,8h
um,IOSTUSDT,1d,2020-02-21,,12h,15m,1d,1h,1m,1mo,1w,2h,30m,3d,3m,4h,5m,6h,8h
um,IOTAUSDT,1d,2020-02-12,,12h,15m,1d,1h,1m,1mo,1w,2h,30m,3d,3m,4h,5m,6h,8h
um,IOTXUSDT,1d,2021-08-12,,12h,15m,1d,1h,1m,1mo,1w,2h,30m,3d,3m,4h,5m,6h,8h
um,IOUSDT,1d,2024-06-11,12h,15m,1d,1h,1m,2h,30m,3m,4h,5m,6h,8h
um,IPUSDC,1d,2025-03-05,12h,15m,1d,1h,1m,2h,30m,3m,4h,5m,6h,8h
um,IPUSDT,1d,2025-02-13,12h,15m,1d,1h,1m,2h,30m,3m,4h,5m,6h,8h
um,JASMYUSDT,1d,2022-04-20,,12h,15m,1d,1h,1m,1mo,1w,2h,30m,3d,3m,4h,5m,6h,8h
um,JELLYJELLYUSDT,1d,2025-03-26,12h,15m,1d,1h,1m,2h,30m,3m,4h,5m,6h,8h
um,JOEUSDT,1d,2023-03-29,,12h,15m,1d,1h,1m,1mo,1w,2h,30m,3d,3m,4h,5m,6h,8h
um,JTOUSDT,1d,2023-12-08,12h,15m,1d,1h,1m,2h,30m,3d,3m,4h,5m,6h,8h
um,JUPUSDT,1d,2024-01-31,12h,15m,1d,1h,1m,2h,30m,3m,4h,5m,6h,8h
um,KAIAUSDT,1d,2024-12-04,12h,15m,1d,1h,1m,2h,30m,3m,4h,5m,6h,8h
um,KAITOUSDC,1d,2025-03-05,12h,15m,1d,1h,1m,2h,30m,3m,4h,5m,6h,8h
um,KAITOUSDT,1d,2025-02-20,12h,15m,1d,1h,1m,2h,30m,3m,4h,5m,6h,8h
um,KASUSDT,1d,2023-11-17,12h,15m,1d,1h,1m,2h,30m,3d,3m,4h,5m,6h,8h
um,KAVAUSDT,1d,2020-07-28,,12h,15m,1d,1h,1m,1mo,1w,2h,30m,3d,3m,4h,5m,6h,8h
um,KDAUSDT,1d,2024-09-18,12h,15m,1d,1h,1m,2h,30m,3m,4h,5m,6h,8h
um,KEEPUSDT,1d,2021-06-22,12h,15m,1d,1h,1m,1mo,1w,2h,30m,3d,3m,4h,5m,6h,8h
um,KEYUSDT,1d,2023-05-24,,12h,15m,1d,1h,1m,1mo,1w,2h,30m,3d,3m,4h,5m,6h,8h
um,KLAYUSDT,1d,2021-10-12,,12h,15m,1d,1h,1m,1mo,1w,2h,30m,3d,3m,4h,5m,6h,8h
um,KMNOUSDT,1d,2024-12-20,12h,15m,1d,1h,1m,2h,30m,3m,4h,5m,6h,8h
um,KNCUSDT,1d,2020-06-22,,12h,15m,1d,1h,1m,1mo,1w,2h,30m,3d,3m,4h,5m,6h,8h
um,KOMAUSDT,1d,2024-12-10,12h,15m,1d,1h,1m,2h,30m,3m,4h,5m,6h,8h
um,KSMUSDT,1d,2020-10-14,,12h,15m,1d,1h,1m,1mo,1w,2h,30m,3d,3m,4h,5m,6h,8h
um,LAYERUSDT,1d,2025-02-11,12h,15m,1d,1h,1m,2h,30m,3m,4h,5m,6h,8h
um,LDOBUSD,1d,2022-07-28,,12h,15m,1d,1h,1m,1mo,1w,2h,30m,3d,3m,4h,5m,6h,8h
um,LDOUSDT,1d,2022-09-22,,12h,15m,1d,1h,1m,1mo,1w,2h,30m,3d,3m,4h,5m,6h,8h
um,LENDUSDT,1d,2020-07-23,12h,15m,1d,1h,1m,1mo,1w,2h,30m,3d,3m,4h,5m,6h,8h
um,LEVERBUSD,1d,2022-07-20,,12h,15m,1d,1h,1m,1mo,1w,2h,30m,3d,3m,4h,5m,6h,8h
um,LEVERUSDT,1d,2023-03-30,,12h,15m,1d,1h,1m,1mo,1w,2h,30m,3d,3m,4h,5m,6h,8h
um,LINAUSDT,1d,2021-03-19,,12h,15m,1d,1h,1m,1mo,1w,2h,30m,3d,3m,4h,5m,6h,8h
um,LINKBUSD,1d,2022-06-30,,12h,15m,1d,1h,1m,1mo,1w,2h,30m,3d,3m,4h,5m,6h,8h
um,LINKUSDC,1d,2024-02-16,12h,15m,1d,1h,1m,2h,30m,3m,4h,5m,6h,8h
um,LINKUSDT,1d,2020-01-17,,12h,15m,1d,1h,1m,1mo,1w,2h,30m,3d,3m,4h,5m,6h,8h
um,LISTAUSDT,1d,2024-06-20,12h,15m,1d,1h,1m,2h,30m,3m,4h,5m,6h,8h
um,LITUSDT,1d,2021-02-18,,12h,15m,1d,1h,1m,1mo,1w,2h,30m,3d,3m,4h,5m,6h,8h
um,LOKAUSDT,1d,2024-09-24,12h,15m,1d,1h,1m,2h,30m,3m,4h,5m,6h,8h
um,LOOMUSDT,1d,2023-10-11,12h,15m,1d,1h,1m,2h,30m,3m,4h,5m,6h,8h
um,LPTUSDT,1d,2021-11-11,,12h,15m,1d,1h,1m,1mo,1w,2h,30m,3d,3m,4h,5m,6h,8h
um,LQTYUSDT,1d,2023-03-10,,12h,15m,1d,1h,1m,1mo,1w,2h,30m,3d,3m,4h,5m,6h,8h
um,LRCUSDT,1d,2020-10-19,,12h,15m,1d,1h,1m,1mo,1w,2h,30m,3d,3m,4h,5m,6h,8h
um,LSKUSDT,1d,2024-01-25,12h,15m,1d,1h,1m,2h,30m,3m,4h,5m,6h,8h
um,LTCBUSD,1d,2022-07-07,,12h,15m,1d,1h,1m,1mo,1w,2h,30m,3d,3m,4h,5m,6h,8h
um,LTCUSDC,1d,2024-04-11,12h,15m,1d,1h,1m,2h,30m,3m,4h,5m,6h,8h
um,LTCUSDT,1d,2020-01-09,,12h,15m,1d,1h,1m,1mo,1w,2h,30m,3d,3m,4h,5m,6h,8h
um,LUMIAUSDT,1d,2024-12-18,12h,15m,1d,1h,1m,2h,30m,3m,4h,5m,6h,8h
um,LUNA2BUSD,1d,2022-06-01,12h,15m,1d,1h,1m,1mo,1w,2h,30m,3d,3m,4h,5m,6h,8h
um,LUNA2USDT,1d,2022-09-10,,12h,15m,1d,1h,1m,1mo,1w,2h,30m,3d,3m,4h,5m,6h,8h
um,LUNABUSD,1d,2022-05-12,12h,15m,1d,1h,1m,1mo,1w,2h,30m,3d,3m,4h,5m,6h,8h
um,LUNAUSDT,1d,2021-01-28,12h,15m,1d,1h,1m,1mo,1w,2h,30m,3d,3m,4h,5m,6h,8h
um,MAGICUSDT,1d,2023-01-25,,12h,15m,1d,1h,1m,1mo,1w,2h,30m,3d,3m,4h,5m,6h,8h
um,MANAUSDT,1d,2021-03-15,,12h,15m,1d,1h,1m,1mo,1w,2h,30m,3d,3m,4h,5m,6h,8h
um,MANTAUSDT,1d,2024-01-18,12h,15m,1d,1h,1m,2h,30m,3m,4h,5m,6h,8h
um,MASKUSDT,1d,2021-08-27,,12h,15m,1d,1h,1m,1mo,1w,2h,30m,3d,3m,4h,5m,6h,8h
um,MATICBUSD,1d,2022-07-13,,12h,15m,1d,1h,1m,1mo,1w,2h,30m,3d,3m,4h,5m,6h,8h
um,MATICUSDC,1d,2024-04-25,12h,15m,1d,1h,1m,2h,30m,3m,4h,5m,6h,8h
um,MATICUSDT,1d,2020-10-22,,12h,15m,1d,1h,1m,1mo,1w,2h,30m,3d,3m,4h,5m,6h,8h
um,MAVIAUSDT,1d,2024-02-21,12h,15m,1d,1h,1m,2h,30m,3m,4h,5m,6h,8h
um,MAVIAUSDTSETTLED,1d,2025-03-26,12h,15m,1d,1h,1m,2h,30m,3m,4h,5m,6h,8h
um,MAVUSDT,1d,2023-06-29,12h,15m,1d,1h,1m,2h,30m,3d,3m,4h,5m,6h,8h
um,MBLUSDT,1d,2023-11-14,12h,15m,1d,1h,1m,2h,30m,3d,3m,4h,5m,6h,8h
um,MBOXUSDT,1d,2024-08-28,12h,15m,1d,1h,1m,2h,30m,3m,4h,5m,6h,8h
um,MDTUSDT,1d,2023-06-30,12h,15m,1d,1h,1m,2h,30m,3d,3m,4h,5m,6h,8h
um,MELANIAUSDT,1d,2025-01-20,12h,15m,1d,1h,1m,2h,30m,3m,4h,5m,6h,8h
um,MEMEUSDT,1d,2023-11-03,12h,15m,1d,1h,1m,2h,30m,3d,3m,4h,5m,6h,8h
um,METISUSDT,1d,2024-03-12,12h,15m,1d,1h,1m,2h,30m,3m,4h,5m,6h,8h
um,MEUSDT,1d,2024-12-10,12h,15m,1d,1h,1m,2h,30m,3m,4h,5m,6h,8h
um,MEWUSDT,1d,2024-06-17,12h,15m,1d,1h,1m,2h,30m,3m,4h,5m,6h,8h
um,MINAUSDT,1d,2023-02-06,,12h,15m,1d,1h,1m,1mo,1w,2h,30m,3d,3m,4h,5m,6h,8h
um,MINAUSDTSETTLED,1d,2023-02-06,12h,15m,1d,1h,1m,1mo,1w,2h,30m,3d,3m,4h,5m,6h,8h
um,MKRUSDT,1d,2020-08-13,,12h,15m,1d,1h,1m,1mo,1w,2h,30m,3d,3m,4h,5m,6h,8h
um,MOCAUSDT,1d,2024-12-16,12h,15m,1d,1h,1m,2h,30m,3m,4h,5m,6h,8h
um,MOODENGUSDT,1d,2024-10-25,12h,15m,1d,1h,1m,2h,30m,3m,4h,5m,6h,8h
um,MORPHOUSDT,1d,2024-11-27,12h,15m,1d,1h,1m,2h,30m,3m,4h,5m,6h,8h
um,MOVEUSDT,1d,2024-12-09,12h,15m,1d,1h,1m,2h,30m,3m,4h,5m,6h,8h
um,MOVRUSDT,1d,2023-12-26,12h,15m,1d,1h,1m,2h,30m,3m,4h,5m,6h,8h
um,MTLUSDT,1d,2021-03-31,,12h,15m,1d,1h,1m,1mo,1w,2h,30m,3d,3m,4h,5m,6h,8h
um,MUBARAKUSDT,1d,2025-03-17,12h,15m,1d,1h,1m,2h,30m,3m,4h,5m,6h,8h
um,MYROUSDT,1d,2024-03-05,12h,15m,1d,1h,1m,2h,30m,3m,4h,5m,6h,8h
um,NEARBUSD,1d,2022-05-17,,12h,15m,1d,1h,1m,1mo,1w,2h,30m,3d,3m,4h,5m,6h,8h
um,NEARUSDC,1d,2024-04-11,12h,15m,1d,1h,1m,2h,30m,3m,4h,5m,6h,8h
um,NEARUSDT,1d,2020-10-15,,12h,15m,1d,1h,1m,1mo,1w,2h,30m,3d,3m,4h,5m,6h,8h
um,NEIROETHUSDT,1d,2024-09-06,12h,15m,1d,1h,1m,2h,30m,3m,4h,5m,6h,8h
um,NEIROUSDT,1d,2024-09-16,12h,15m,1d,1h,1m,2h,30m,3m,4h,5m,6h,8h
um,NEOUSDC,1d,2024-04-18,12h,15m,1d,1h,1m,2h,30m,3m,4h,5m,6h,8h
um,NEOUSDT,1d,2020-02-17,,12h,15m,1d,1h,1m,1mo,1w,2h,30m,3d,3m,4h,5m,6h,8h
um,NFPUSDT,1d,2023-12-27,12h,15m,1d,1h,1m,2h,30m,3m,4h,5m,6h,8h
um,NILUSDT,1d,2025-03-24,12h,15m,1d,1h,1m,2h,30m,3m,4h,5m,6h,8h
um,NKNUSDT,1d,2021-04-09,,12h,15m,1d,1h,1m,1mo,1w,2h,30m,3d,3m,4h,5m,6h,8h
um,NMRUSDT,1d,2023-06-22,12h,15m,1d,1h,1m,2h,30m,3d,3m,4h,5m,6h,8h
um,NOTUSDT,1d,2024-05-16,12h,15m,1d,1h,1m,2h,30m,3m,4h,5m,6h,8h
um,NTRNUSDT,1d,2023-11-14,12h,15m,1d,1h,1m,2h,30m,3d,3m,4h,5m,6h,8h
um,NULSUSDT,1d,2024-08-26,12h,15m,1d,1h,1m,2h,30m,3m,4h,5m,6h,8h
um,NUUSDT,1d,2021-10-21,12h,15m,1d,1h,1m,1mo,1w,2h,30m,3d,3m,4h,5m,6h,8h
um,OCEANUSDT,1d,2020-11-03,,12h,15m,1d,1h,1m,1mo,1w,2h,30m,3d,3m,4h,5m,6h,8h
um,OGNUSDT,1d,2021-04-01,,12h,15m,1d,1h,1m,1mo,1w,2h,30m,3d,3m,4h,5m,6h,8h
um,OMGUSDT,1d,2020-07-02,,12h,15m,1d,1h,1m,1mo,1w,2h,30m,3d,3m,4h,5m,6h,8h
um,OMNIUSDT,1d,2024-04-17,12h,15m,1d,1h,1m,2h,30m,3m,4h,5m,6h,8h
um,OMUSDT,1d,2024-02-13,12h,15m,1d,1h,1m,2h,30m,3m,4h,5m,6h,8h
um,ONDOUSDT,1d,2024-01-20,12h,15m,1d,1h,1m,2h,30m,3m,4h,5m,6h,8h
um,ONEUSDT,1d,2021-03-18,,12h,15m,1d,1h,1m,1mo,1w,2h,30m,3d,3m,4h,5m,6h,8h
um,ONGUSDT,1d,2023-11-27,12h,15m,1d,1h,1m,2h,30m,3m,4h,5m,6h,8h
um,ONTUSDT,1d,2020-02-11,,12h,15m,1d,1h,1m,1mo,1w,2h,30m,3d,3m,4h,5m,6h,8h
um,OPUSDT,1d,2022-06-01,,12h,15m,1d,1h,1m,1mo,1w,2h,30m,3d,3m,4h,5m,6h,8h
um,ORBSUSDT,1d,2023-10-17,12h,15m,1d,1h,1m,2h,30m,3m,4h,5m,6h,8h
um,ORCAUSDT,1d,2024-12-06,12h,15m,1d,1h,1m,2h,30m,3m,4h,5m,6h,8h
um,ORDIUSDC,1d,2024-02-22,12h,15m,1d,1h,1m,2h,30m,3m,4h,5m,6h,8h
um,ORDIUSDT,1d,2023-11-07,12h,15m,1d,1h,1m,2h,30m,3m,4h,5m,6h,8h
um,OXTUSDT,1d,2023-08-11,12h,15m,1d,1h,1m,2h,30m,3d,3m,4h,5m,6h,8h
um,PARTIUSDT,1d,2025-03-25,12h,15m,1d,1h,1m,2h,30m,3m,4h,5m,6h,8h
um,PAXGUSDT,1d,2025-03-27,12h,15m,1d,1h,1m,2h,30m,3m,4h,5m,6h,8h
um,PENDLEUSDT,1d,2023-07-28,12h,15m,1d,1h,1m,2h,30m,3d,3m,4h,5m,6h,8h
um,PENGUUSDT,1d,2024-12-17,12h,15m,1d,1h,1m,2h,30m,3m,4h,5m,6h,8h
um,PEOPLEUSDT,1d,2021-12-24,,12h,15m,1d,1h,1m,1mo,1w,2h,30m,3d,3m,4h,5m,6h,8h
um,PERPUSDT,1d,2023-03-06,,12h,15m,1d,1h,1m,1mo,1w,2h,30m,3d,3m,4h,5m,6h,8h
um,PHAUSDT,1d,2024-12-30,12h,15m,1d,1h,1m,2h,30m,3m,4h,5m,6h,8h
um,PHBBUSD,1d,2022-09-16,,12h,15m,1d,1h,1m,1mo,1w,2h,30m,3d,3m,4h,5m,6h,8h
um,PHBUSDT,1d,2023-02-16,,12h,15m,1d,1h,1m,1mo,1w,2h,30m,3d,3m,4h,5m,6h,8h
um,PIPPINUSDT,1d,2025-01-24,12h,15m,1d,1h,1m,2h,30m,3m,4h,5m,6h,8h
um,PIXELUSDT,1d,2024-02-19,12h,15m,1d,1h,1m,2h,30m,3m,4h,5m,6h,8h
um,PLUMEUSDT,1d,2025-03-21,12h,15m,1d,1h,1m,2h,30m,3m,4h,5m,6h,8h
um,PNUTUSDC,1d,2025-03-07,12h,15m,1d,1h,1m,2h,30m,3m,4h,5m,6h,8h
um,PNUTUSDT,1d,2024-11-11,12h,15m,1d,1h,1m,2h,30m,3m,4h,5m,6h,8h
um,POLUSDT,1d,2024-09-13,12h,15m,1d,1h,1m,2h,30m,3m,4h,5m,6h,8h
um,POLYXUSDT,1d,2023-10-25,12h,15m,1d,1h,1m,2h,30m,3d,3m,4h,5m,6h,8h
um,PONKEUSDT,1d,2024-11-04,12h,15m,1d,1h,1m,2h,30m,3m,4h,5m,6h,8h
um,POPCATUSDT,1d,2024-08-22,12h,15m,1d,1h,1m,2h,30m,3m,4h,5m,6h,8h
um,PORTALUSDT,1d,2024-02-29,12h,15m,1d,1h,1m,2h,30m,3m,4h,5m,6h,8h
um,POWRUSDT,1d,2023-10-27,12h,15m,1d,1h,1m,2h,30m,3d,3m,4h,5m,6h,8h
um,PROMUSDT,1d,2025-01-15,12h,15m,1d,1h,1m,2h,30m,3m,4h,5m,6h,8h
um,PYTHUSDT,1d,2023-11-22,12h,15m,1d,1h,1m,2h,30m,3m,4h,5m,6h,8h
um,QNTUSDT,1d,2022-10-20,,12h,15m,1d,1h,1m,1mo,1w,2h,30m,3d,3m,4h,5m,6h,8h
um,QTUMUSDT,1d,2020-02-20,,12h,15m,1d,1h,1m,1mo,1w,2h,30m,3d,3m,4h,5m,6h,8h
um,QUICKUSDT,1d,2024-09-06,12h,15m,1d,1h,1m,2h,30m,3m,4h,5m,6h,8h
um,RADUSDT,1d,2023-05-10,,12h,15m,1d,1h,1m,1mo,1w,2h,30m,3d,3m,4h,5m,6h,8h
um,RAREUSDT,1d,2024-08-15,12h,15m,1d,1h,1m,2h,30m,3m,4h,5m,6h,8h
um,RAYSOLUSDT,1d,2024-12-10,12h,15m,1d,1h,1m,2h,30m,3m,4h,5m,6h,8h
um,RAYUSDT,1d,2021-08-20,,12h,15m,1d,1h,1m,1mo,1w,2h,30m,3d,3m,4h,5m,6h,8h
um,RDNTUSDT,1d,2023-04-05,,12h,15m,1d,1h,1m,1mo,1w,2h,30m,3d,3m,4h,5m,6h,8h
um,REDUSDT,1d,2025-03-06,12h,15m,1d,1h,1m,2h,30m,3m,4h,5m,6h,8h
um,REEFUSDT,1d,2021-02-22,,12h,15m,1d,1h,1m,1mo,1w,2h,30m,3d,3m,4h,5m,6h,8h
um,REIUSDT,1d,2024-09-27,12h,15m,1d,1h,1m,2h,30m,3m,4h,5m,6h,8h
um,RENDERUSDT,1d,2024-07-26,12h,15m,1d,1h,1m,2h,30m,3m,4h,5m,6h,8h
um,RENUSDT,1d,2020-10-13,,12h,15m,1d,1h,1m,1mo,1w,2h,30m,3d,3m,4h,5m,6h,8h
um,REZUSDT,1d,2024-04-30,12h,15m,1d,1h,1m,2h,30m,3m,4h,5m,6h,8h
um,RIFUSDT,1d,2023-10-21,12h,15m,1d,1h,1m,2h,30m,3d,3m,4h,5m,6h,8h
um,RLCUSDT,1d,2020-07-31,,12h,15m,1d,1h,1m,1mo,1w,2h,30m,3d,3m,4h,5m,6h,8h
um,RNDRUSDT,1d,2023-02-03,,12h,15m,1d,1h,1m,1mo,1w,2h,30m,3d,3m,4h,5m,6h,8h
um,RONINUSDT,1d,2024-02-06,12h,15m,1d,1h,1m,2h,30m,3m,4h,5m,6h,8h
um,ROSEUSDT,1d,2021-12-31,,12h,15m,1d,1h,1m,1mo,1w,2h,30m,3d,3m,4h,5m,6h,8h
um,RPLUSDT,1d,2024-09-09,12h,15m,1d,1h,1m,2h,30m,3m,4h,5m,6h,8h
um,RSRUSDT,1d,2020-10-19,,12h,15m,1d,1h,1m,1mo,1w,2h,30m,3d,3m,4h,5m,6h,8h
um,RUNEUSDT,1d,2020-09-04,,12h,15m,1d,1h,1m,1mo,1w,2h,30m,3d,3m,4h,5m,6h,8h
um,RVNUSDT,1d,2021-02-23,,12h,15m,1d,1h,1m,1mo,1w,2h,30m,3d,3m,4h,5m,6h,8h
um,SAFEUSDT,1d,2024-10-25,12h,15m,1d,1h,1m,2h,30m,3m,4h,5m,6h,8h
um,SAGAUSDT,1d,2024-04-09,12h,15m,1d,1h,1m,2h,30m,3m,4h,5m,6h,8h
um,SANDBUSD,1d,2022-07-07,,12h,15m,1d,1h,1m,1mo,1w,2h,30m,3d,3m,4h,5m,6h,8h
um,SANDUSDT,1d,2021-01-25,,12h,15m,1d,1h,1m,1mo,1w,2h,30m,3d,3m,4h,5m,6h,8h
um,SANTOSUSDT,1d,2024-10-28,12h,15m,1d,1h,1m,2h,30m,3m,4h,5m,6h,8h
um,SCRTUSDT,1d,2024-11-21,12h,15m,1d,1h,1m,2h,30m,3m,4h,5m,6h,8h
um,SCRUSDT,1d,2024-10-22,12h,15m,1d,1h,1m,2h,30m,3m,4h,5m,6h,8h
um,SCUSDT,1d,2021-04-12,,12h,15m,1d,1h,1m,1mo,1w,2h,30m,3d,3m,4h,5m,6h,8h
um,SEIUSDT,1d,2023-08-17,12h,15m,1d,1h,1m,2h,30m,3m,4h,5m,6h,8h
um,SFPUSDT,1d,2021-02-24,,12h,15m,1d,1h,1m,1mo,1w,2h,30m,3d,3m,4h,5m,6h,8h
um,SHELLUSDT,1d,2025-02-17,12h,15m,1d,1h,1m,2h,30m,3m,4h,5m,6h,8h
um,SIRENUSDT,1d,2025-03-22,12h,15m,1d,1h,1m,2h,30m,3m,4h,5m,6h,8h
um,SKLUSDT,1d,2020-12-08,,12h,15m,1d,1h,1m,1mo,1w,2h,30m,3d,3m,4h,5m,6h,8h
um,SLERFUSDT,1d,2024-11-21,12h,15m,1d,1h,1m,2h,30m,3m,4h,5m,6h,8h
um,SLPUSDT,1d,2023-10-31,12h,15m,1d,1h,1m,2h,30m,3m,4h,5m,6h,8h
um,SNTUSDT,1d,2023-11-02,12h,15m,1d,1h,1m,2h,30m,3d,3m,4h,5m,6h,8h
um,SNXUSDT,1d,2020-08-14,,12h,15m,1d,1h,1m,1mo,1w,2h,30m,3d,3m,4h,5m,6h,8h
um,SOLBUSD,1d,2021-09-03,,12h,15m,1d,1h,1m,1mo,1w,2h,30m,3d,3m,4h,5m,6h,8h
um,SOLUSDC,1d,2024-01-04,12h,15m,1d,1h,1m,2h,30m,3m,4h,5m,6h,8h
um,SOLUSDT,1d,2020-09-14,,12h,15m,1d,1h,1m,1mo,1w,2h,30m,3d,3m,4h,5m,6h,8h
um,SOLVUSDT,1d,2025-01-17,12h,15m,1d,1h,1m,2h,30m,3m,4h,5m,6h,8h
um,SONICUSDT,1d,2025-01-08,12h,15m,1d,1h,1m,2h,30m,3m,4h,5m,6h,8h
um,SPELLUSDT,1d,2022-09-06,,12h,15m,1d,1h,1m,1mo,1w,2h,30m,3d,3m,4h,5m,6h,8h
um,SPXUSDT,1d,2024-12-10,12h,15m,1d,1h,1m,2h,30m,3m,4h,5m,6h,8h
um,SRMUSDT,1d,2020-09-05,,12h,15m,1d,1h,1m,1mo,1w,2h,30m,3d,3m,4h,5m,6h,8h
um,SSVUSDT,1d,2023-02-24,,12h,15m,1d,1h,1m,1mo,1w,2h,30m,3d,3m,4h,5m,6h,8h
um,STEEMUSDT,1d,2023-11-08,12h,15m,1d,1h,1m,2h,30m,3d,3m,4h,5m,6h,8h
um,STGUSDT,1d,2022-08-25,,12h,15m,1d,1h,1m,1mo,1w,2h,30m,3d,3m,4h,5m,6h,8h
um,STMXUSDT,1d,2021-03-22,,12h,15m,1d,1h,1m,1mo,1w,2h,30m,3d,3m,4h,5m,6h,8h
um,STORJUSDT,1d,2020-09-16,,12h,15m,1d,1h,1m,1mo,1w,2h,30m,3d,3m,4h,5m,6h,8h
um,STPTUSDT,1d,2023-10-18,12h,15m,1d,1h,1m,2h,30m,3d,3m,4h,5m,6h,8h
um,STRAXUSDT,1d,2023-10-11,12h,15m,1d,1h,1m,2h,30m,3m,4h,5m,6h,8h
um,STRKUSDT,1d,2024-02-20,12h,15m,1d,1h,1m,2h,30m,3m,4h,5m,6h,8h
um,STXUSDT,1d,2023-02-21,,12h,15m,1d,1h,1m,1mo,1w,2h,30m,3d,3m,4h,5m,6h,8h
um,SUIUSDC,1d,2024-02-08,12h,15m,1d,1h,1m,2h,30m,3m,4h,5m,6h,8h
um,SUIUSDT,1d,2023-05-03,,12h,15m,1d,1h,1m,1mo,1w,2h,30m,3d,3m,4h,5m,6h,8h
um,SUNUSDT,1d,2024-08-22,12h,15m,1d,1h,1m,2h,30m,3m,4h,5m,6h,8h
um,SUPERUSDT,1d,2023-11-26,12h,15m,1d,1h,1m,2h,30m,3d,3m,4h,5m,6h,8h
um,SUSDT,1d,2025-01-16,12h,15m,1d,1h,1m,2h,30m,3m,4h,5m,6h,8h
um,SUSHIUSDT,1d,2020-09-04,,12h,15m,1d,1h,1m,1mo,1w,2h,30m,3d,3m,4h,5m,6h,8h
um,SWARMSUSDT,1d,2025-01-07,12h,15m,1d,1h,1m,2h,30m,3m,4h,5m,6h,8h
um,SWELLUSDT,1d,2024-11-08,12h,15m,1d,1h,1m,2h,30m,3m,4h,5m,6h,8h
um,SXPUSDT,1d,2020-07-21,,12h,15m,1d,1h,1m,1mo,1w,2h,30m,3d,3m,4h,5m,6h,8h
um,SYNUSDT,1d,2024-08-16,12h,15m,1d,1h,1m,2h,30m,3m,4h,5m,6h,8h
um,SYSUSDT,1d,2024-08-19,12h,15m,1d,1h,1m,2h,30m,3m,4h,5m,6h,8h
um,TAOUSDT,1d,2024-04-11,12h,15m,1d,1h,1m,2h,30m,3m,4h,5m,6h,8h
um,THETAUSDT,1d,2020-05-27,,12h,15m,1d,1h,1m,1mo,1w,2h,30m,3d,3m,4h,5m,6h,8h
um,THEUSDT,1d,2024-11-27,12h,15m,1d,1h,1m,2h,30m,3m,4h,5m,6h,8h
um,TIAUSDC,1d,2024-04-25,12h,15m,1d,1h,1m,2h,30m,3m,4h,5m,6h,8h
um,TIAUSDT,1d,2023-10-31,12h,15m,1d,1h,1m,2h,30m,3m,4h,5m,6h,8h
um,TLMBUSD,1d,2022-06-09,,12h,15m,1d,1h,1m,1mo,1w,2h,30m,3d,3m,4h,5m,6h,8h
um,TLMUSDT,1d,2021-07-16,,12h,15m,1d,1h,1m,1mo,1w,2h,30m,3d,3m,4h,5m,6h,8h
um,TLMUSDTSETTLED,1d,2022-04-03,12h,15m,1d,1h,1m,1mo,1w,2h,30m,3d,3m,4h,5m,6h,8h
um,TNSRUSDT,1d,2024-04-08,12h,15m,1d,1h,1m,2h,30m,3m,4h,5m,6h,8h
um,TOKENUSDT,1d,2023-11-03,12h,15m,1d,1h,1m,2h,30m,3m,4h,5m,6h,8h
um,TOMOUSDT,1d,2020-10-12,,12h,15m,1d,1h,1m,1mo,1w,2h,30m,3d,3m,4h,5m,6h,8h
um,TONUSDT,1d,2024-03-01,12h,15m,1d,1h,1m,2h,30m,3m,4h,5m,6h,8h
um,TRBUSDT,1d,2020-09-03,,12h,15m,1d,1h,1m,1mo,1w,2h,30m,3d,3m,4h,5m,6h,8h
um,TROYUSDT,1d,2024-10-31,12h,15m,1d,1h,1m,2h,30m,3m,4h,5m,6h,8h
um,TRUMPUSDC,1d,2025-03-06,12h,15m,1d,1h,1m,2h,30m,3m,4h,5m,6h,8h
um,TRUMPUSDT,1d,2025-01-18,12h,15m,1d,1h,1m,2h,30m,3m,4h,5m,6h,8h
um,TRUUSDT,1d,2023-03-07,,12h,15m,1d,1h,1m,1mo,1w,2h,30m,3d,3m,4h,5m,6h,8h
um,TRXBUSD,1d,2022-05-26,,12h,15m,1d,1h,1m,1mo,1w,2h,30m,3d,3m,4h,5m,6h,8h
um,TRXUSDT,1d,2020-01-15,,12h,15m,1d,1h,1m,1mo,1w,2h,30m,3d,3m,4h,5m,6h,8h
um,TSTUSDT,1d,2025-02-09,12h,15m,1d,1h,1m,2h,30m,3m,4h,5m,6h,8h
um,TURBOUSDT,1d,2024-05-30,12h,15m,1d,1h,1m,2h,30m,3m,4h,5m,6h,8h
um,TUSDT,1d,2023-02-01,,12h,15m,1d,1h,1m,1mo,1w,2h,30m,3d,3m,4h,5m,6h,8h
um,TUTUSDT,1d,2025-03-20,12h,15m,1d,1h,1m,2h,30m,3m,4h,5m,6h,8h
um,TWTUSDT,1d,2023-11-03,12h,15m,1d,1h,1m,2h,30m,3m,4h,5m,6h,8h
um,UMAUSDT,1d,2023-05-10,,12h,15m,1d,1h,1m,1mo,1w,2h,30m,3d,3m,4h,5m,6h,8h
um,UNFIUSDT,1d,2021-02-19,,12h,15m,1d,1h,1m,1mo,1w,2h,30m,3d,3m,4h,5m,6h,8h
um,UNIBUSD,1d,2022-08-05,,12h,15m,1d,1h,1m,1mo,1w,2h,30m,3d,3m,4h,5m,6h,8h
um,UNIUSDT,1d,2020-09-18,,12h,15m,1d,1h,1m,1mo,1w,2h,30m,3d,3m,4h,5m,6h,8h
um,USDCUSDT,1d,2023-03-12,,12h,15m,1d,1h,1m,1mo,1w,2h,30m,3d,3m,4h,5m,6h,8h
um,USTCUSDT,1d,2023-11-27,12h,15m,1d,1h,1m,2h,30m,3m,4h,5m,6h,8h
um,USUALUSDT,1d,2024-12-18,12h,15m,1d,1h,1m,2h,30m,3m,4h,5m,6h,8h
um,UXLINKUSDT,1d,2024-09-15,12h,15m,1d,1h,1m,2h,30m,3m,4h,5m,6h,8h
um,VANAUSDT,1d,2024-12-16,12h,15m,1d,1h,1m,2h,30m,3m,4h,5m,6h,8h
um,VANRYUSDT,1d,2024-03-13,12h,15m,1d,1h,1m,2h,30m,3m,4h,5m,6h,8h
um,VELODROMEUSDT,1d,2024-12-13,12h,15m,1d,1h,1m,2h,30m,3m,4h,5m,6h,8h
um,VETUSDT,1d,2020-02-14,,12h,15m,1d,1h,1m,1mo,1w,2h,30m,3d,3m,4h,5m,6h,8h
um,VICUSDT,1d,2025-03-12,12h,15m,1d,1h,1m,2h,30m,3m,4h,5m,6h,8h
um,VIDTUSDT,1d,2024-08-23,12h,15m,1d,1h,1m,2h,30m,3m,4h,5m,6h,8h
um,VINEUSDT,1d,2025-01-24,12h,15m,1d,1h,1m,2h,30m,3m,4h,5m,6h,8h
um,VIRTUALUSDT,1d,2024-12-10,12h,15m,1d,1h,1m,2h,30m,3m,4h,5m,6h,8h
um,VOXELUSDT,1d,2024-08-20,12h,15m,1d,1h,1m,2h,30m,3m,4h,5m,6h,8h
um,VTHOUSDT,1d,2025-01-22,12h,15m,1d,1h,1m,2h,30m,3m,4h,5m,6h,8h
um,VVVUSDT,1d,2025-01-29,12h,15m,1d,1h,1m,2h,30m,3m,4h,5m,6h,8h
um,WALUSDT,1d,2025-03-27,12h,15m,1d,1h,1m,2h,30m,3m,4h,5m,6h,8h
um,WAVESBUSD,1d,2022-06-29,,12h,15m,1d,1h,1m,1mo,1w,2h,30m,3d,3m,4h,5m,6h,8h
um,WAVESUSDT,1d,2020-08-12,,12h,15m,1d,1h,1m,1mo,1w,2h,30m,3d,3m,4h,5m,6h,8h
um,WAXPUSDT,1d,2023-10-18,12h,15m,1d,1h,1m,2h,30m,3d,3m,4h,5m,6h,8h
um,WIFUSDC,1d,2024-04-04,12h,15m,1d,1h,1m,2h,30m,3m,4h,5m,6h,8h
um,WIFUSDT,1d,2024-01-18,12h,15m,1d,1h,1m,2h,30m,3m,4h,5m,6h,8h
um,WLDUSDC,1d,2024-03-14,12h,15m,1d,1h,1m,2h,30m,3m,4h,5m,6h,8h
um,WLDUSDT,1d,2023-07-24,12h,15m,1d,1h,1m,2h,30m,3d,3m,4h,5m,6h,8h
um,WOOUSDT,1d,2022-04-08,,12h,15m,1d,1h,1m,1mo,1w,2h,30m,3d,3m,4h,5m,6h,8h
um,WUSDT,1d,2024-04-03,12h,15m,1d,1h,1m,2h,30m,3m,4h,5m,6h,8h
um,XAIUSDT,1d,2024-01-09,12h,15m,1d,1h,1m,2h,30m,3m,4h,5m,6h,8h
um,XEMUSDT,1d,2021-03-03,,12h,15m,1d,1h,1m,1mo,1w,2h,30m,3d,3m,4h,5m,6h,8h
um,XLMUSDT,1d,2020-01-20,,12h,15m,1d,1h,1m,1mo,1w,2h,30m,3d,3m,4h,5m,6h,8h
um,XMRUSDT,1d,2020-02-03,,12h,15m,1d,1h,1m,1mo,1w,2h,30m,3d,3m,4h,5m,6h,8h
um,XRPBUSD,1d,2021-08-09,,12h,15m,1d,1h,1m,1mo,1w,2h,30m,3d,3m,4h,5m,6h,8h
um,XRPUSDC,1d,2024-01-04,12h,15m,1d,1h,1m,2h,30m,3m,4h,5m,6h,8h
um,XRPUSDT,1d,2020-01-06,,12h,15m,1d,1h,1m,1mo,1w,2h,30m,3d,3m,4h,5m,6h,8h
um,XTZUSDT,1d,2020-02-06,,12h,15m,1d,1h,1m,1mo,1w,2h,30m,3d,3m,4h,5m,6h,8h
um,XVGUSDT,1d,2023-07-05,12h,15m,1d,1h,1m,2h,30m,3d,3m,4h,5m,6h,8h
um,XVSUSDT,1d,2023-04-13,,12h,15m,1d,1h,1m,1mo,1w,2h,30m,3d,3m,4h,5m,6h,8h
um,YFIIUSDT,1d,2020-09-03,12h,15m,1d,1h,1m,1mo,1w,2h,30m,3d,3m,4h,5m,6h,8h
um,YFIUSDT,1d,2020-08-31,,12h,15m,1d,1h,1m,1mo,1w,2h,30m,3d,3m,4h,5m,6h,8h
um,YGGUSDT,1d,2023-08-05,12h,15m,1d,1h,1m,2h,30m,3d,3m,4h,5m,6h,8h
um,ZECUSDT,1d,2020-02-05,,12h,15m,1d,1h,1m,1mo,1w,2h,30m,3d,3m,4h,5m,6h,8h
um,ZENUSDT,1d,2020-11-24,,12h,15m,1d,1h,1m,1mo,1w,2h,30m,3d,3m,4h,5m,6h,8h
um,ZEREBROUSDT,1d,2025-01-02,12h,15m,1d,1h,1m,2h,30m,3m,4h,5m,6h,8h
um,ZETAUSDT,1d,2024-02-02,12h,15m,1d,1h,1m,2h,30m,3m,4h,5m,6h,8h
um,ZILUSDT,1d,2020-06-18,,12h,15m,1d,1h,1m,1mo,1w,2h,30m,3d,3m,4h,5m,6h,8h
um,ZKUSDT,1d,2024-06-17,12h,15m,1d,1h,1m,2h,30m,3m,4h,5m,6h,8h
um,ZROUSDT,1d,2024-06-20,12h,15m,1d,1h,1m,2h,30m,3m,4h,5m,6h,8h
um,ZRXUSDT,1d,2020-06-24,,12h,15m,1d,1h,1m,1mo,1w,2h,30m,3d,3m,4h,5m,6h,8h
